Factory Name,Factory Type,Product Type,"Nike, Inc. Brand(s)",Supplier Group,City,State,Postal Code,Country/Region,Region,Total Workers
"A & K DESIGNS, INC.",FINISHED GOODS,APPAREL,NIKE,A & K DESIGNS,PORTLAND,OREGON,97220,United States of America,AMERICAS,130
"ACODE SPORTING GOODS CO., LTD",FINISHED GOODS,EQUIPMENT,NIKE,NO GROUP (EQ),VIETNAM,BíNH DUONG,82617,Vietnam,SE ASIA,289
ADORA FOOTWEAR LIMITED,FINISHED GOODS,FOOTWEAR,Converse,HUALI,NINH BINH PROVINCE,NINH BíNH,8000,Vietnam,SE ASIA,9056
AJARA 1,FINISHED GOODS,APPAREL,NIKE,MILTEKS,KOBULETI,AJARIA,6200,Georgia,EMEA,1061
AJARA TEXTILE LTD,FINISHED GOODS,APPAREL,NIKE,MILTEKS,POTI,SAMEGRELO-ZEMO SVA,4400,Georgia,EMEA,1351
"ALL WELLS INTERNATIONAL CO., LTD.",FINISHED GOODS,FOOTWEAR,NIKE,SPORTS GEAR,PHU MY,BË RA - VUNG TËU,790000,Vietnam,SE ASIA,3273
ALMAXTEX TEKSTIL SANAYI VE TICARET A.S.,FINISHED GOODS - COMPONENTS,APPAREL,NIKE,YESIM,BURSA,BURSA,16580,Turkey,EMEA,3199
ANDBRAVA SRL,FINISHED GOODS,EQUIPMENT,Converse,NO GROUP (EQ),SAN MARTIN,BUENOS AIRES,B1650,Argentina,AMERICAS,7
ANHUI COSMO SPORTING GOODS COMPANY LIMITED,FINISHED GOODS,EQUIPMENT,NIKE,ANHUI COSMO,LU'AN CITY,ANHUI,237321,China,N ASIA,360
ANIGER CALCADOS SUPRIMENTOS E EMPREENDIMENTOS LTDA,FINISHED GOODS,FOOTWEAR,NIKE,ANIGER,CAMPO BOM Ð RS,RIO GRANDE DO SUL,93700-000,Brazil,AMERICAS,372
ANNIC II S.A.,FINISHED GOODS,APPAREL,NIKE,GILDAN,MASATEPE,MANAGUA,0,Nicaragua,AMERICAS,3564
"ANNORA VIETNAM FOOTWEAR CO.,LTD",FINISHED GOODS,FOOTWEAR,NIKE,HUALI,NGHI SON TOWNSHIP,THANH HîA,450000,Vietnam,SE ASIA,19958
ARTFX CONCORD,FINISHED GOODS,APPAREL,NIKE,TEGRA,CONCORD,NORTH CAROLINA,28025,United States of America,AMERICAS,113
ARTFX INC,FINISHED GOODS,APPAREL,NIKE,TEGRA,NORFOLK,VIRGINIA,23502,United States of America,AMERICAS,534
ASENA 3 TEXTIL S.R.L.,FINISHED GOODS,APPAREL,NIKE,YESIM,CEADIR LUNGA,,7401,Moldova,EMEA,352
ASENA 4,FINISHED GOODS,APPAREL,NIKE,YESIM,"KONGAZ,COMRAT",GAGAUZIA-- UNITATE,3819,Moldova,EMEA,798
ASENA TEXTILE,FINISHED GOODS,APPAREL,NIKE,YESIM,KAZAYAK,GAGAUZIA-- UNITATE,6113,Moldova,EMEA,214
"ATOMS., INC",FINISHED GOODS,EQUIPMENT,NIKE,NO GROUP (EQ),SAKURAI,NARA,6330067,Japan,N ASIA,2
AURORA INDUSTRIAL VIETNAM FOOTWEAR,FINISHED GOODS,FOOTWEAR,Converse,HUALI,HAI PHONG,HAI PHONG,180000,Vietnam,SE ASIA,7261
AVERY DENNISON RIS HONDURAS S DE R,FINISHED GOODS - COMPONENTS,APPAREL,NIKE,AVERY DENNISON,VILLANUEVA,CORTƒS,504,Honduras,AMERICAS,956
BADGE PROMOTIONS BV,FINISHED GOODS,APPAREL,NIKE,EUROCAP,WOERDEN,UTRECHT,3442 AC,Netherlands,EMEA,13
BAIKSAN CO. LTD.,MATERIALS,MATERIALS,NIKE,BAIKSAN,SIHEUNG-SI,BUSAN,0,South Korea,N ASIA,
BAIKSAN INDONESIA,MATERIALS,MATERIALS,NIKE,BAIKSAN,TANGERANG,BANTEN,15710,Indonesia,S ASIA,
BAIKSAN VIETNAM,MATERIALS,MATERIALS,NIKE,BAIKSAN,HUYEN TAN UYEN & BEN CAT,BINH DUONG,0,Vietnam,SE ASIA,
"BC GRAPHICS, INC",FINISHED GOODS,APPAREL,NIKE,BC GRAPHICS,BEAVERTON,OREGON,97005,United States of America,AMERICAS,28
"BERRY APPAREL CAMBODIA CO., LTD.",FINISHED GOODS,APPAREL,NIKE,TAI WAH,PHNOM PENH,PHNOM PENH,12405,Cambodia,SE ASIA,3145
BIG GAME SPORTS,FINISHED GOODS,APPAREL,NIKE,NO GROUP (AP),DALLAS,TEXAS,75244,United States of America,AMERICAS,46
BLUE STAR GRAPHICS,FINISHED GOODS,APPAREL,NIKE,BLUE STAR,FRISCO,TEXAS,75034,United States of America,AMERICAS,53
BODYLINE PRIVATE LIMITED - BALANGODA,FINISHED GOODS,APPAREL,NIKE,MAS HOLDINGS,BALANGODA,,70100,Sri Lanka,S ASIA,1096
BODYLINE PRIVATE LIMITED III,FINISHED GOODS,APPAREL,NIKE,MAS HOLDINGS,AGALAWATTA,RATNAPURA,12200,Sri Lanka,S ASIA,958
BODYLINE PVT LIMITED,FINISHED GOODS,APPAREL,NIKE,MAS HOLDINGS,HORANA,KALUTARA,12400,Sri Lanka,S ASIA,4666
BODYLINE PVT LIMITED BPL II,FINISHED GOODS,APPAREL,NIKE,MAS HOLDINGS,AGALAWATTA,RATNAPURA,12200,Sri Lanka,S ASIA,2256
"BOU JIN YANGZHOU GARMENTS CO., LTD",FINISHED GOODS,APPAREL,NIKE,TIEN POU,YANGZHOU,JIANGSU,225000,China,N ASIA,838
"BRANCH OF THUAN PHUONG EMBROIDERIES GARMENTS CO., LTD- M.D.K FACTORY",FINISHED GOODS,APPAREL,NIKE,NO GROUP (AP),HO CHI MINH CITY,HO CHI MINH,70000,Vietnam,SE ASIA,1162
BRANCH OF THUAN PHUONG EMBROIDERIES GARMENTS COMPANY LIMITED - THUAN PHUONG LONG AN FACTORY,FINISHED GOODS,APPAREL,NIKE,THUAN PHUONG,CAN DUON,LONG AN,,Vietnam,SE ASIA,1464
BRANDIX APPAREL SOLUTION LTD - ESSENTIALS,FINISHED GOODS,APPAREL,NIKE,NO GROUP (AP),BATTICALOA,BATTICALOA,30000,Sri Lanka,S ASIA,4204
BRANDIX APPAREL SOLUTION LTD - ESSENTIALS KOGGALA,FINISHED GOODS,APPAREL,NIKE,NO GROUP (AP),HABARADUWA,GALLE,80630,Sri Lanka,S ASIA,1538
BUMCHANG DOORI,FINISHED GOODS,EQUIPMENT,NIKE,BUMCHANG DOORI,SUNGNAM-SI,GYEONGGIDO,461-182,South Korea,N ASIA,12
"C&K VINA CO.,LTD",FINISHED GOODS,FOOTWEAR,NIKE,TAEKWANG,CHON THAN DISTRICT,BíNH PHUC,83000,Vietnam,SE ASIA,1804
"C&W EMBROIDERY, INC.",FINISHED GOODS,APPAREL,NIKE,C&W,RIENZI,MISSISSIPPI,38865,United States of America,AMERICAS,119
C.C. CREATIONS,FINISHED GOODS,APPAREL,NIKE,NO GROUP (AP),BRYAN,TEXAS,77803,United States of America,AMERICAS,136
CALCETINES DE EXPORTACION SAN JOSE S.A. DE C.V,FINISHED GOODS,APPAREL,Converse,NO GROUP (AP),COLONIA BUGAMBILIAS,PUEBLA,72580,Mexico,AMERICAS,13
"CAN SPORTS VIETNAM CO., LTD",FINISHED GOODS,FOOTWEAR,NIKE,SPORTS GEAR,DUONG MINH CHAU DISTRICT,TåY NINH,730000,Vietnam,SE ASIA,7809
"CCH TOP VN CO., LTD.",FINISHED GOODS,APPAREL,NIKE,CHUAN CHENG,HO CHI MINH,HO CHI MINH,7000,Vietnam,SE ASIA,2144
CHANG SHIN INDONESIA,FINISHED GOODS,FOOTWEAR,NIKE,CHANGSHIN,KARAWANG,JAWA BARAT,41371,Indonesia,S ASIA,16271
"CHANG SHIN VIETNAM CO., LTD",FINISHED GOODS,FOOTWEAR,NIKE,CHANGSHIN,LONG THANH DISTRICT,_NG NAI,,Vietnam,SE ASIA,5690
"CHANG SHIN VIETNAM COMPANY, LTD.",FINISHED GOODS,FOOTWEAR,NIKE,CHANGSHIN,DONG NAI,_NG NAI,76000,Vietnam,SE ASIA,26853
"CHANG WONG INDUSTRIAL CO., LTD.",FINISHED GOODS,EQUIPMENT,NIKE,NO GROUP (EQ),TAICHUNG CITY,TAICHUNG,42084,Taiwan,N ASIA,23
CHANGSHIN INC.,FINISHED GOODS,FOOTWEAR,NIKE,CHANGSHIN,BUSAN,BUSAN GWANGYEOGSI,604-030,South Korea,N ASIA,957
"CHENG HORNG INDUSTRIAL CO., LTD.",MATERIALS,MATERIALS,NIKE,LITTLE KING INDUSTRIES CO. LTD.,TAOYUAN,KAO-HSIUNG,324,Taiwan,N ASIA,
"CHONGQING SUMEC CHANGJIANG GARMENT CO.,LTD",FINISHED GOODS,APPAREL,NIKE,NO GROUP (AP),CHONGQING,CHONGQING,404000,China,N ASIA,227
"CHUAN CHENG HAT CO., LTD.",FINISHED GOODS,APPAREL,NIKE,CHUAN CHENG,TAICHUNG,KAOHSIUNG,428,Taiwan,N ASIA,131
"CHUZHOU KORRUN FUTURE LUGGAGE PRODUCTS CO., LTD",FINISHED GOODS,EQUIPMENT,NIKE,FORMOSA,CHUZHOU,ANHUI,239000,China,N ASIA,575
COCALQUI COOPERATIVA DE TRABALHO DA INDòSTRIA DE CAL‚ADOS DE QUIXERAMOBIM,FINISHED GOODS,FOOTWEAR,NIKE,ANIGER,QUIXERAMOBIM,CEARç,63800-000,Brazil,AMERICAS,3876
COLLITEX S.R.L.,FINISHED GOODS - COMPONENTS,APPAREL,NIKE,AVERY DENNISON,ANCARANO,TERAMO,64010,Italy,EMEA,406
"COLLTEX GARMENT MFY CO., LTD.(VN)",FINISHED GOODS,APPAREL,NIKE,ECLAT,TRANG BANG,TåY NINH,843440,Vietnam,SE ASIA,2206
CONG TIEN GARMENT JOINT STOCK COMPANY,FINISHED GOODS,APPAREL,NIKE,SOUTH ISLAND,GO CONG,TIN GIANG,84,Vietnam,SE ASIA,1930
CONG TY TNHH MAY MAC PREMIER GLOBAL VIETNAM,FINISHED GOODS,APPAREL,NIKE,NICE APPAREL,TINH BINH DUONG,BíNH DUONG,82000,Vietnam,SE ASIA,2032
COOPERATIVA TEXTIL SEUCA LTDA.,FINISHED GOODS,APPAREL,Converse,NO GROUP (AP),GUAYMALLEN,MENDOZA,M5521,Argentina,AMERICAS,21
COOPERSHOES - COOPERATIVA DE TRABALHO E INDUSTRIA DE CAL‚ADOS JOANETENSE LTDA (PICADA CAFƒ),FINISHED GOODS,FOOTWEAR,"NIKE, Converse",COOPERSHOES,PICADA CAFE,RIO GRANDE DO SUL,95175-000,Brazil,AMERICAS,2022
COOPERSHOES - COOPERATIVA DE TRABALHO E INDUSTRIA DE CALCADOS JOANETENSE LTDA GARIBALDI,FINISHED GOODS,FOOTWEAR,Converse,NO GROUP (FW),GARIBALDI,RIO GRANDE DO SUL,95720-000,Brazil,AMERICAS,116
COOPERSHOES - COOPERATIVA DE TRABALHO E INDUSTRIA DE CALCADOS JOANETENSE LTDA LAS FLORES,FINISHED GOODS,FOOTWEAR,Converse,COOPERSHOES,LAS FLORES,BUENOS AIRES,7200,Argentina,AMERICAS,115
COOPERSHOES (MORADA NOVA),FINISHED GOODS,FOOTWEAR,Converse,COOPERSHOES,MORADA NOVA,CEARç,62940-000,Brazil,AMERICAS,2792
CORPORACION INDYKNIT S.A.,FINISHED GOODS,APPAREL,NIKE,INDIANA KNITWEAR,VILLA NUEVA,GUATEMALA,1064,Guatemala,AMERICAS,2337
DAEHWA LEATHER LESTARI,MATERIALS,MATERIALS,NIKE,DAEHWA,BEKASI,JAWA BARAT,17550,Indonesia,S ASIA,
DAH JENG EMBROIDERY,FINISHED GOODS,APPAREL,NIKE,NO GROUP (AP),NEW TAIPEI,NEW TAIPEI,247,Taiwan,N ASIA,97
"DAQIAN TEXTILE CAMBODIA CO., LTD",FINISHED GOODS,APPAREL,NIKE,NINGBO,PHNOM PENH,PHNOM PENH,12101,Cambodia,SE ASIA,5369
DASS ELDORADO SRL,FINISHED GOODS,FOOTWEAR,NIKE,DASS,ELDORADO,MISIONES,3380,Argentina,AMERICAS,1066
DASS NORDESTE CAL‚ADOS E ARTIGOS ESPORTIVOS LTDA (IVOTI),FINISHED GOODS,FOOTWEAR,NIKE,DASS,IVOTI,RIO GRANDE DO SUL,93900-000,Brazil,AMERICAS,39
DASS NORDESTE CALCADOS E ARTIGOS ESPORTIVOS LTDA (VITORIA DA CONQUISTA),FINISHED GOODS,APPAREL,NIKE,CLASSICO,VITORIA DA CONQUISTA,BAHIA,45023 -490,Brazil,AMERICAS,1871
DASS NORDESTE CALCADOS E ARTIGOS ESPORTIVOS LTDA (SANTO ESTEVAO),FINISHED GOODS,FOOTWEAR,NIKE,DASS,SANTO ESTEVAO,BAHIA,44190-000,Brazil,AMERICAS,2972
DASS NORDESTE CALCADOS E ARTIGOS ESPORTIVOS LTDA 2 (VITORIA DA CONQUISTA),FINISHED GOODS - COMPONENTS,FOOTWEAR,NIKE,DASS,VITORIA DA CONQUISTA,BAHIA,45023-490,Brazil,AMERICAS,2068
DASS SUL CALCADOS E ARTIGOS ESPORTIVOS LTDA,FINISHED GOODS,APPAREL,NIKE,CLASSICO,SAUDADES,SANTA CATARINA,89868-000,Brazil,AMERICAS,762
DEAN SHOES VIETNAM,FINISHED GOODS,FOOTWEAR,NIKE,DEAN SHOES,HO CHI MINH CITY,HO CHI MINH,70000,Vietnam,SE ASIA,14602
"DECOTEX INTERNATIONAL, LDTA DE C.V.",FINISHED GOODS,APPAREL,NIKE,TEGRA,CIUDAD ARCE,LA LIBERTAD,Zona 13,El Salvador,AMERICAS,1464
DELTA ALFA CORAP VE TEKSTIL SANAYI A.S.,FINISHED GOODS,EQUIPMENT,NIKE,DELTA,DUZCE,D†ZCE,,Turkey,EMEA,520
DELTA GALIL INDUSTRIES LTD EGYPT,FINISHED GOODS,APPAREL,NIKE,DELTA,EL-MINYA,AI MINUFIYAH,61784,Egypt,EMEA,1042
DELTA GALIL VIETNAM CO.LTD.,FINISHED GOODS,APPAREL,NIKE,DELTA,BINH DINH,BíNH _NH,82000,Vietnam,SE ASIA,1961
DELTA SOCKS LTD.,FINISHED GOODS,EQUIPMENT,NIKE,DELTA,KARMIEL,H_EFA,20100,Israel,EMEA,240
DELTA TEXTILE BULGARIA LTD.,FINISHED GOODS,EQUIPMENT,NIKE,DELTA,ROUSSE,RUSE,7009,Bulgaria,EMEA,487
DER WILL S.A.,FINISHED GOODS,APPAREL,NIKE,DER WILL,BUENOS AIRES,BUENOS AIRES,1614,Argentina,AMERICAS,143
DEWHIRST CAMBODIA,FINISHED GOODS,APPAREL,NIKE,DEWHIRST,PHNOM PENH,KANDAAL,,Cambodia,SE ASIA,2565
DIAMANT SRL,FINISHED GOODS,FOOTWEAR,NIKE,DIAMANT,SORGA,VERONA,37060,Italy,EMEA,313
DIAMANT SRL #2,FINISHED GOODS,FOOTWEAR,NIKE,DIAMANT,MONTEBELLUNA,VENETO,31044,Italy,EMEA,57
DOMINAE SRL,FINISHED GOODS,APPAREL,Converse,DOMINAE,DOSSON DI CASIER,TREVISO,31030,Italy,EMEA,14
DONA ORIENT VIETNAM,FINISHED GOODS,FOOTWEAR,NIKE,FENG TAY,DONG NAI,_NG NAI,76000,Vietnam,SE ASIA,11126
"DONA PACIFIC VIETNAM CO., LTD.",FINISHED GOODS,FOOTWEAR,NIKE,FENG TAY,DONG NAI,_NG NAI,84061,Vietnam,SE ASIA,10488
"DONA STANDARD FOOTWEAR CO., LTD",FINISHED GOODS,FOOTWEAR,NIKE,FENG TAY,DONG NAI,_NG NAI,76000,Vietnam,SE ASIA,16124
"DONA VICTOR FOOTWEAR CO., LTD",FINISHED GOODS,FOOTWEAR,NIKE,FENG TAY,TRANG BOM DISTRICT,_NG NAI,084-061,Vietnam,SE ASIA,9765
"DONG GUAN GOLDENPRENE SPORTING GOODS CO., LTD.",FINISHED GOODS,EQUIPMENT,NIKE,GUANG DER,"LIAOBU TOWN, DONGGUAN",GUANGDONG,523405,China,N ASIA,1161
DONG GUAN LIEN HONG BAGS & SPORTS ACCESSORIES LTD.,FINISHED GOODS,EQUIPMENT,NIKE,NO GROUP (EQ),DONG GUAN,GUANGDONG,523128,China,N ASIA,133
DONG GUAN NEW PROSPERITY OPTICAL MFY LTD. CHANG AN BRANCH,FINISHED GOODS,EQUIPMENT,NIKE,NO GROUP (EQ),DONGGUAN,GUANGDONG,523879,China,N ASIA,93
"DONG GUAN STELLA FOOTWEAR CO., LTD.",FINISHED GOODS,FOOTWEAR,NIKE,STELLA,DONGGUAN,GUANGDONG,523835,China,N ASIA,326
DONGGUAN UNITED CREATION OPTICAL LIMITED,FINISHED GOODS,EQUIPMENT,NIKE,UNITED,DONGGUAN,GUANGDONG,523642,China,N ASIA,264
"DONGGUAN YE JI INDUSTRIAL CO., LTD.",FINISHED GOODS,APPAREL,NIKE,CRYSTAL,DONGGUAN CITY,GUANGDONG,523570,China,N ASIA,787
"DONGGUAN YOUKAI INDUSTRIAL CO., LTD",FINISHED GOODS,EQUIPMENT,NIKE,NO GROUP (EQ),DONGGUAN,GUANGDONG,523000,China,N ASIA,14
"DONG-JIN TEXTILE CO., LTD.",MATERIALS,MATERIALS,NIKE,DONG JIN,BIEN HOA,DONG NAI PROVINCE,0,Vietnam,SE ASIA,
DONGJIN TEXTILE DYEING HOUSE,FINISHED GOODS - COMPONENTS,FOOTWEAR,NIKE,NO GROUP (FW),"SA-HA GU, BUSAN",BUSAN GWANGYEOGSI,49432,South Korea,N ASIA,41
"DONGUAN LEE FONG LABEL MANUFACTURE CO., LTD",FINISHED GOODS - COMPONENTS,APPAREL,NIKE,LEE BOU LABEL ENTERPRISE,DONGGUAN CITY,GUANGDONG,,China,N ASIA,660
DRAGON CROWD GARMENT INC.,FINISHED GOODS,APPAREL,NIKE,DRAGON CROWD,NINGBO,ZHEJIANG,315000,China,N ASIA,199
DUCKSAN YANBEOL RI,FINISHED GOODS - COMPONENTS,FOOTWEAR,NIKE,DUCKSAN,GYEONGGI-DO,,12774,South Korea,N ASIA,24
EAGLE NICE JINGMEN GARMENTS CO LTD,FINISHED GOODS,APPAREL,NIKE,EAGLE NICE,JINGMEN,HUBEI,43100,China,N ASIA,1990
"EAGLE NICE YIFENG GARMENTS CO., LTD",FINISHED GOODS,APPAREL,NIKE,EAGLE NICE,YIFENG,JIANGXI,EAG01,China,N ASIA,2188
EAST WIND FOOTWEAR CO LTD,FINISHED GOODS,FOOTWEAR,NIKE,FENG TAY,TAMIL NADU,TAMIL NADU,631701,India,S ASIA,6198
"ECLAT TEXTILE CO., LTD",MATERIALS,MATERIALS,NIKE,"ECLAT TEXTILE CO., LTD.",TAOYUAN CITY,T'AI-WAN,337,Taiwan,N ASIA,
"ECLAT TEXTILE CO., LTD VN",FINISHED GOODS,APPAREL,NIKE,ECLAT,DONG NAI,_NG NAI,81,Vietnam,SE ASIA,5500
EL BARON,FINISHED GOODS,APPAREL,NIKE,TEGRA,SAN PEDRO SULA,CORTƒS,,Honduras,AMERICAS,3328
"ELITE INVESTMENT WORLDWIDE CO., LTD",FINISHED GOODS,APPAREL,NIKE,TUNG MUNG,HO CHI MINH,HO CHI MINH,700000,Vietnam,SE ASIA,1681
ELTA COMPANY LIMITED,FINISHED GOODS,APPAREL,NIKE,ELTA,BANGKOK,BANGKOK,10520,Thailand,SE ASIA,245
"E-TOP (VIETNAM) CO.,LTD",FINISHED GOODS,APPAREL,NIKE,ECLAT,BA RIA-VUNG TAU,BË RA - VUNG TËU,795600,Vietnam,SE ASIA,3732
EVER TECH,FINISHED GOODS - COMPONENTS,FOOTWEAR,NIKE,NO GROUP (FW),TAN UYEN DISTRICT,BíNH DUONG,84,Vietnam,SE ASIA,674
EVEREST TEXTILE,MATERIALS,MATERIALS,NIKE,EVEREST,TAINAN CITY,T'AI-WAN,74342,Taiwan,N ASIA,
EVEREST TEXTILE CHINA,MATERIALS,MATERIALS,NIKE,EVEREST,SHANGHAI,SHANGHAI,201419,China,N ASIA,
"EVEREST TEXTILE CO., LTD.Ê",MATERIALS,MATERIALS,NIKE,EVEREST,RATCHABURI,CENTRAL,70110,Thailand,SE ASIA,
EVERGREEN APPAREL MFG.,FINISHED GOODS,APPAREL,NIKE,YY & ASSOCIATES,HILLSBORO,OREGON,97124,United States of America,AMERICAS,24
FA.IS.A. D.O.O.,FINISHED GOODS,EQUIPMENT,NIKE,NO GROUP (EQ),NOVIGRAD,,52466,Croatia,EMEA,43
FAIRWAY ENTERPRISES COMPANY LTD (FENG TAY),FINISHED GOODS,FOOTWEAR,NIKE,FENG TAY,KRISHNAGIRI,TAMIL NADU,635304,India,S ASIA,6424
FAR EASTERN,FINISHED GOODS - COMPONENTS,APPAREL,NIKE,FAR EASTERN,TAOYUAN,TAOYUAN,328,Taiwan,N ASIA,1
FAR EASTERN APPARAL SUZHOU LTD. CO,FINISHED GOODS,APPAREL,NIKE,FAR EASTERN,SUZHOU,JIANGSU,215128,China,N ASIA,1019
FAR EASTERN APPAREL (VIETNAM) LIMITED,FINISHED GOODS,APPAREL,NIKE,FAR EASTERN,THUAN AN,BíNH DUONG,75000,Vietnam,SE ASIA,3385
FAR EASTERN APPAREL LIMITED VIETNAM,FINISHED GOODS,APPAREL,NIKE,FAR EASTERN,BINH DUONG,BíNH DUONG,750000,Vietnam,SE ASIA,1089
FAR EASTERN NEW APPAREL (VIETNAM) LTD (MDC),FINISHED GOODS,APPAREL,NIKE,FAR EASTERN,BINH PHUOC,BíNH PHUC,830000,Vietnam,SE ASIA,2986
"FASHION GARMENTS 2 CO., LTD - UNIT 1",FINISHED GOODS,APPAREL,NIKE,NO GROUP (AP),BIEN HOA,_NG NAI,810000,Vietnam,SE ASIA,368
"FASHION GARMENTS 2 CO., LTD - XUAN TAY",FINISHED GOODS,APPAREL,NIKE,NO GROUP (AP),XUAN TAY,_NG NAI,810000,Vietnam,SE ASIA,560
"FASHION GARMENTS LTD., UNIT 2",FINISHED GOODS,APPAREL,NIKE,NO GROUP (AP),BIEN HOA,_NG NAI,810000,Vietnam,SE ASIA,1612
FE NEW CENTURY INDUSTRY (SINGAPORE) PTE LTD,FINISHED GOODS - COMPONENTS,APPAREL,NIKE,FAR EASTERN,SUZHOU,JIANGSU,215128,China,N ASIA,1
"FENG TAY ENTERPRISE CO., LTD",FINISHED GOODS,FOOTWEAR,NIKE,FENG TAY,DOU LIOU,YUNLIN,640,Taiwan,N ASIA,1873
FIBRAN CIA. LTDA.,FINISHED GOODS,APPAREL,NIKE,NO GROUP (AP),QUITO,PICHINCHA,,Ecuador,AMERICAS,738
FITA TEKSTIL KONF.LTD.STI,FINISHED GOODS,APPAREL,NIKE,YESIM,BURSA,BURSA,16100,Turkey,EMEA,438
"FJORD, LTD.",FINISHED GOODS,APPAREL,NIKE,TEGRA,WOODBURN,OREGON,97071,United States of America,AMERICAS,116
FOOTMARK CAMBODIA CORPORATION,FINISHED GOODS,APPAREL,NIKE,FOOTMARK,PHNOM PENH,KANDAAL,,Cambodia,SE ASIA,160
"FORMOSA TAFFETA CO., LTD",MATERIALS,MATERIALS,NIKE,FORMOSA TAFFETA (FTC),TOULIU,,640,Taiwan,N ASIA,
"FORMOSA TAFFETA CO., LTD (CHINA)",MATERIALS,MATERIALS,NIKE,FORMOSA TAFFETA (FTC),CHANGSHU,JIANGSU,215500,China,N ASIA,
"FORMOSA TAFFETA, CO LTD VIETNAM",MATERIALS,MATERIALS,NIKE,FORMOSA TAFFETA (FTC),BEN LUC,LONG AN,NA,Vietnam,SE ASIA,
FRAMAS KOREA,FINISHED GOODS - COMPONENTS,FOOTWEAR,NIKE,NO GROUP (FW),ASAN,CHOONGNAM,336-875,South Korea,N ASIA,46
"FRAMAS KOREA VINA CO., LTD",FINISHED GOODS - COMPONENTS,FOOTWEAR,NIKE,NO GROUP (FW),DONG NAI,_NG NAI,815300,Vietnam,SE ASIA,965
FREETREND VN INDUSTRIAL CO.LTD.,FINISHED GOODS,FOOTWEAR,NIKE,DEAN SHOES,HO CHI MINH,HO CHI MINH,70000,Vietnam,SE ASIA,17560
FRONTLINE IMAGE LIMITED,FINISHED GOODS,APPAREL,NIKE,NO GROUP (AP),PLYMOUTH,ENGLAND,PL6 7FH,United Kingdom,EMEA,79
FUJIAN FYNEX GARMENT LIMITED LIABILITY COMPANY - XIAMEN BRANCH,FINISHED GOODS,APPAREL,NIKE,NO GROUP (AP),XIAMEN,FUJIAN,361100,China,N ASIA,78
"FUJIAN LIFENG FOOTWEAR CO., LTD.",FINISHED GOODS,FOOTWEAR,NIKE,FENG TAY,PUTIAN,FUJIAN,351119,China,N ASIA,3799
"FUJIAN SAN FENG FOOTWEAR CO.,LTD",FINISHED GOODS,FOOTWEAR,NIKE,FENG TAY,FUZHOU,FUJIAN,350018,China,N ASIA,3203
"FUJIAN XIEFENG FOOTWEAR CO.,LTD.",FINISHED GOODS,FOOTWEAR,NIKE,FENG TAY,PUTIAN,FUJIAN,351131,China,N ASIA,4596
"FU-LUH SHOES CO., LTD",FINISHED GOODS,FOOTWEAR,NIKE,CHINGLUH,LONG AN,LONG AN,82500,Vietnam,SE ASIA,12190
"FUTURE GARMENT CO., LTD.",FINISHED GOODS,APPAREL,NIKE,NO GROUP (AP),BANGKOK,BANGKOK,10120,Thailand,SE ASIA,449
GAIN LUCKY,MATERIALS,MATERIALS,NIKE,NINGBO,PHUOC DONG,TAY NINH,n/a,Vietnam,SE ASIA,
GB LIGHT (KOREA),MATERIALS,MATERIALS,NIKE,GB LIGHT,BUSAN,BUSAN,618-820,South Korea,N ASIA,
GB LIGHT (VIETNAM),MATERIALS,MATERIALS,NIKE,GB LIGHT,THU DAU MOT,BINH DUONG,0,Vietnam,SE ASIA,
GERMTON INDUSTRIAL COMPANY LTD.,FINISHED GOODS,APPAREL,"NIKE, Converse",GERMTON,HUONG AN COMMUNE,QUNG NAM,560000,Vietnam,SE ASIA,2806
GIANEL SHOES SRL,FINISHED GOODS,FOOTWEAR,NIKE,GIANEL,CASARANO,LECCE,73042,Italy,EMEA,121
GILDAN ACTIVEWEAR SAN MIGUEL S.A.,FINISHED GOODS,APPAREL,NIKE,GILDAN,CHOLOMA,CORTƒS,0,Honduras,AMERICAS,5770
GILDAN APPAREL USA INC. (VILLANUEVA),FINISHED GOODS,APPAREL,NIKE,GILDAN,VILLANUEVA,CORTƒS,0,Honduras,AMERICAS,5665
GILDAN HOSIERY RIO NANCE S DE R.L. RN4,FINISHED GOODS,EQUIPMENT,NIKE,GILDAN,CHOLOMA,YORO,0,Honduras,AMERICAS,1958
GKOGKAS LAMPROS,FINISHED GOODS,APPAREL,NIKE,GKOGKAS LAMPROS,ATHENS,EVVOIA,13341,Greece,EMEA,12
"GLOBAL SALES AND WAREHOUSING, LLC",FINISHED GOODS,EQUIPMENT,NIKE,NO GROUP (AP),OXNARD,CALIFORNIA,93030,United States of America,AMERICAS,36
GOLD LONG JOHN CHINA,MATERIALS,MATERIALS,NIKE,GOLD LONG JOHN,ZHONGSHAN,GUANGDONG,528400,China,N ASIA,
"GREEN TG CO., LTD",FINISHED GOODS,APPAREL,NIKE,NO GROUP (AP),CHAU THANH DISTRICT,TIN GIANG,84000,Vietnam,SE ASIA,927
"GREEN VINA CO., LTD.",FINISHED GOODS,APPAREL,NIKE,GREEN TEXTILES,THUAN AN,BíNH DUONG,590000,Vietnam,SE ASIA,1761
"GREENTECH HEADGEAR CO., LTD",FINISHED GOODS,APPAREL,NIKE,ASIAN SOURCING HEADWEAR,NHON TRACH,_NG NAI,810000,Vietnam,SE ASIA,1680
"GUANG YANG SPORTING CO., LTD",FINISHED GOODS,EQUIPMENT,NIKE,SHOETOWN,QING YUAN,GUANGDONG,511800,China,N ASIA,608
GUARDLAB INC,FINISHED GOODS,EQUIPMENT,NIKE,NO GROUP (EQ),FARMINGDALE,NEW YORK,11735,United States of America,AMERICAS,8
H&H SCREENING & GRAPHICS INC.,FINISHED GOODS,APPAREL,NIKE,NO GROUP (AP),VISTA,CALIFORNIA,92081,United States of America,AMERICAS,27
"H&L APPAREL(VIETNAM) CO.,LTD",FINISHED GOODS,APPAREL,NIKE,NO GROUP (AP),BEN CAT DISTRICT,BíNH DUONG,590000,Vietnam,SE ASIA,850
HA NOI GARMENT NO. 40 JOINT STOCK COMPANY,FINISHED GOODS,APPAREL,NIKE,MAXPORT,HA NOI CITY,HA NOI,80000,Vietnam,SE ASIA,316
"HAIYAN GOLDEN GATE SOCKS INDUSTRY CO., LTD",FINISHED GOODS,EQUIPMENT,Converse,NO GROUP (EQ),HAIYAN,ZHEJIANG,314300,China,N ASIA,91
HAPCO SCREEN PRINTING,FINISHED GOODS,APPAREL,Converse,NO GROUP (AP),"EMMAUS,",PENNSYLVANIA,18049,United States of America,AMERICAS,27
HAYAFUJI,FINISHED GOODS,FOOTWEAR,NIKE,HAYAFUJI,KYOTO-SHI,KYOTO,603-8487,Japan,N ASIA,5
"HB SPORTS - NEW HOLLAND LINGERIE DE HONDURAS, S.A.",FINISHED GOODS - COMPONENTS,APPAREL,NIKE,TEGRA,SAN PEDRO SULA,CORTƒS,CA,Honduras,AMERICAS,1594
HESHAN TOP EAGLE GARMENT LTD,FINISHED GOODS,APPAREL,NIKE,NICE APPAREL,HESHAN,GUANGDONG,529727,China,N ASIA,780
"HI TECH APPAREL CAMBODIA CO., LTD",FINISHED GOODS,APPAREL,NIKE,HI TECH,POIPET CITY,BANTEAY MEAN CHEY,0,Cambodia,SE ASIA,4224
"HI TECH APPAREL CO LTD, BRANCH 70",FINISHED GOODS,APPAREL,NIKE,HI TECH,BANGKRU,,10130,Thailand,SE ASIA,1165
HI TECH APPAREL SURIN BRANCH,FINISHED GOODS,APPAREL,NIKE,HI TECH,THATOOM,,32120,Thailand,SE ASIA,799
HIGUCHI KABAN KOBO,FINISHED GOODS,EQUIPMENT,NIKE,CROSTER,SAITAMA,SAITAMA,332-0011,Japan,N ASIA,26
HIT SUPHANBURI,FINISHED GOODS,APPAREL,NIKE,HI TECH,SUPHANBURI,SUPHAN BURI,72000,Thailand,SE ASIA,525
HI-TECH APPAREL CO. LTD.SOI91,FINISHED GOODS,APPAREL,NIKE,HI TECH,BANGKOK,CHON BURI,10140,Thailand,SE ASIA,1165
"HI-TECH CHAIYAPHUM APPAREL 2011 CO.,LTD.",FINISHED GOODS,APPAREL,NIKE,HI TECH,MUANG,CHAIYAPHUM,36000,Thailand,SE ASIA,1245
"HI-TECH CHAIYAPHUM APPAREL CO.,LTD.",FINISHED GOODS,APPAREL,NIKE,HI TECH,MUANG,CHAIYAPHUM,36000,Thailand,SE ASIA,617
"HI-TECH VIET NAM APPAREL CO.,LTD.",FINISHED GOODS,APPAREL,NIKE,HI TECH,DUY XUYEN DISTRICT,QUNG NAM,560000,Vietnam,SE ASIA,1458
HONG SENG KNITTING COMPANY LIMITED.,FINISHED GOODS,APPAREL,NIKE,HONG SENG,RATHJABURANA,CHON BURI,10140,Thailand,SE ASIA,2234
HONG SENG THAI-VINA COMPANY LIMITED,FINISHED GOODS,APPAREL,NIKE,HONG SENG,DUC HOA DISTRICT,LONG AN,850000,Vietnam,SE ASIA,807
"HONG SHENG LEATHER DONGGUAN IND. CO., LTD",FINISHED GOODS,EQUIPMENT,NIKE,GUANG DER,DONG GUAN,GUANGDONG,523121,China,N ASIA,476
HONSIN APPAREL SDN. BHD.,FINISHED GOODS,APPAREL,NIKE,HONSIN,BATU PAHAT,JOHOR,83000,Malaysia,S ASIA,1054
HONWAYS APPAREL SHUYANG LIMITED,FINISHED GOODS,APPAREL,NIKE,HONSIN,JIANGSU PROVINCE,JIANGSU,223600,China,N ASIA,1243
"HOOSIER MANUFACTURING, COMPANIA LIMITADA",FINISHED GOODS,APPAREL,NIKE,INDIANA KNITWEAR,GUATEMALA,GUATEMALA,1012,Guatemala,AMERICAS,392
HUA FENG (CHINA),FINISHED GOODS - COMPONENTS,FOOTWEAR,NIKE,HUA FENG TEXTILE,PUTIAN,FUJIAN,0,China,N ASIA,0
HUAFENG HAPTIC,FINISHED GOODS - COMPONENTS,FOOTWEAR,NIKE,HUA FENG TEXTILE,PUTIAN,FUJIAN,351164,China,N ASIA,92
HUAIAN YUANGTONG HEADWEAR MFG CO LTD,FINISHED GOODS,APPAREL,NIKE,ASIAN SOURCING HEADWEAR,HUAI AN,JIANGSU,223400,China,N ASIA,786
HUBEI TOP EAGLE GARMENT LTD.,FINISHED GOODS,APPAREL,NIKE,NICE APPAREL,SONGZI HUBEI,HUBEI,434200,China,N ASIA,731
"HUIZHOU YANGMING INDUSTRIAL CO., LTD.",FINISHED GOODS,EQUIPMENT,Converse,NO GROUP (EQ),HUIZHOU,GUANGDONG,516001,China,N ASIA,78
HUNG LONG GARMENT AND SERVICE JOINT STOCK COMPANY,FINISHED GOODS,APPAREL,NIKE,NO GROUP (AP),HUNG YEN,HUNG YæN,70000,Vietnam,SE ASIA,2570
IDEA STAMPA S.R.L. UNIPERSONALE,FINISHED GOODS,APPAREL,NIKE,NO GROUP (AP),MEOLO,VENEZIA,30020,Italy,EMEA,29
IMPRESSIONS CASEE INC.,FINISHED GOODS,APPAREL,NIKE,NO GROUP (AP),MONTREAL,QUEBEC,H2N 2B7,Canada,AMERICAS,4
INJEXTECH INC.,FINISHED GOODS,EQUIPMENT,NIKE,NO GROUP (EQ),TAINAN,,71755,Taiwan,N ASIA,178
INOVA TEXTILES S.A. DE C.V.,FINISHED GOODS,APPAREL,Converse,NO GROUP (AP),JILOTEPEC,MƒXICO,54240,Mexico,AMERICAS,366
INTERLOOP LIMITED,FINISHED GOODS,EQUIPMENT,NIKE,INTERLOOP,FAISALABAD,PUNJAB,37660,Pakistan,S ASIA,8035
IRUNA COMUNICACION TEXTIL - SERISUR,FINISHED GOODS,APPAREL,NIKE,IRUNA,CHAUCHINA-GRANADA,ANDALUCêA,18330,Spain,EMEA,14
ITW SPORTS BRANDING ENPING,FINISHED GOODS - COMPONENTS,APPAREL,NIKE,ITW GRAPHICS ASIA,ENPING,GUANGDONG,,China,N ASIA,164
JADE APPAREL INDUSTRIES,FINISHED GOODS,APPAREL,NIKE,YESIM,ALEXANDRIA / BORG EL ARAB,AI ISKANDARIYAH,21933,Egypt,EMEA,577
JADE APPAREL INDUSTRIES SAE,FINISHED GOODS,APPAREL,NIKE,YESIM,ALEXANDRIA,BENDER,21934,Moldova,EMEA,1191
JADE LONG JOHN,MATERIALS,MATERIALS,NIKE,GOLD LONG JOHN,CHANGHUA,SHE-TOU SHANG,510,Taiwan,N ASIA,
JADE TEXTILE EGYPT,FINISHED GOODS,APPAREL,NIKE,YESIM,10TH OF RAMADAN CITY,ASH SHARQIYAH,0,Egypt,EMEA,2540
JADE TEXTILE ISMAILIA S.A.E,FINISHED GOODS - COMPONENTS,APPAREL,NIKE,YESIM,ISMAILIA,AI ISMA ILIYAH,41611,Egypt,EMEA,1133
"JAPAN POLYMARK CO., LTD",FINISHED GOODS,EQUIPMENT,NIKE,NO SUPPLIER GROUP,FUKUI-CITY FUKUI,FUKUI,910-3607,Japan,N ASIA,152
JASAN SOCKS,FINISHED GOODS,APPAREL,NIKE,NO GROUP (AP),VIETNAM,HAI PHONG,0,Vietnam,SE ASIA,2895
"JIANGSU ASIAN SOURCING HEADWEAR MFG. CO., LTD",FINISHED GOODS,APPAREL,NIKE,ASIAN SOURCING HEADWEAR,HUAI AN,JIANGSU,223005,China,N ASIA,1130
"JIANGSU HONGBAO SPORTING GOODS CO., LTD.",FINISHED GOODS,EQUIPMENT,NIKE,YEGIN,HUAIAN,JIANGSU,223400,China,N ASIA,382
"JIANGSU JINHUBAO GARMENT CO., LTD",FINISHED GOODS,APPAREL,Converse,DƒCOR,YANGZHOU,JIANGSU,225106,China,N ASIA,192
"JIANGXI GUANGYOU SHOETOWN FOOTWEAR CO., LTD.",FINISHED GOODS,FOOTWEAR,NIKE,SHOETOWN,NANCHANG,JIANGXI,330201,China,N ASIA,2711
"JIANSHAN BENHUI PRINTING CO., LTD",FINISHED GOODS,APPAREL,NIKE,JIASHAN BENHUI,JIAXING,ZHEJIANG,314113,China,N ASIA,21
"JIAXING KANAAN BAG R&D CO.,LTD",FINISHED GOODS,EQUIPMENT,NIKE,KANAAN,JIAXIANG,ZHEJIANG,314002,China,N ASIA,134
"JIAXING QUANG VIET GARMENT CO., LTD.",FINISHED GOODS,APPAREL,NIKE,QUANG VIET,PING HU,ZHEJIANG,314211,China,N ASIA,1969
"JINING YONGJIN SHOES CO., LTD.",FINISHED GOODS - COMPONENTS,FOOTWEAR,NIKE,TAEKWANG,JI NING CITY,SHANDONG,272500,China,N ASIA,1420
JK GARMENTS PVT LTD,FINISHED GOODS,APPAREL,NIKE,HONSIN,KURUNEGALA,KURUNEGALA,60500,Sri Lanka,S ASIA,1070
JSI,FINISHED GOODS - COMPONENTS,FOOTWEAR,NIKE,TAEKWANG,BUSAN,,600-011,South Korea,N ASIA,640
JSI VINA CORPORATION,MATERIALS,MATERIALS,NIKE,TAEKWANG,Gñ D?U,TAY NINH,0,Vietnam,SE ASIA,
KAGAWA FACTORY,FINISHED GOODS,EQUIPMENT,NIKE,LES GANT,KAGAWA,KAGAWA,761-0613,Japan,N ASIA,68
"KIM'S EMBROIDERY, INC.",FINISHED GOODS,APPAREL,NIKE,KIMS EMBROIDERY,PORTLAND,OREGON,97223,United States of America,AMERICAS,7
"KING RAY YENG INDUSTRIAL CO., LTD",FINISHED GOODS,EQUIPMENT,NIKE,NO GROUP (EQ),CHANGHWA,CHANGHUA,50071,Taiwan,N ASIA,225
"KITAI CO., LTD",FINISHED GOODS,APPAREL,NIKE,KITAI,KASHIBA,NARA,639-0241,Japan,N ASIA,53
"KKN APPAREL CO., LTD",FINISHED GOODS,APPAREL,NIKE,NICE APPAREL,NEANG KOK VILLAGE,KAOH KONG,0,Cambodia,SE ASIA,7284
"K-L MFG. CO., INC.",FINISHED GOODS,APPAREL,NIKE,K & L MANUFACTURING,SPOKANE,WASHINGTON,99207,United States of America,AMERICAS,124
"KUNSHAN SABRINA CLOTHES MAKING CO., LTD.",FINISHED GOODS,APPAREL,NIKE,SABRINA,KUNSHAN,JIANGSU,215331,China,N ASIA,946
KUO YUEN (CHINA),MATERIALS,MATERIALS,NIKE,KUO YUEN,DONGGUAN,GUANGDONG,523000,China,N ASIA,
KUO YUEN (VIETNAM),MATERIALS,MATERIALS,NIKE,KUO YUEN,NHON TRACH DISTRICT,DONG NAI,0,Vietnam,SE ASIA,
"KWAN TAT VIETNAM CO., LTD",FINISHED GOODS,APPAREL,NIKE,TUNG MUNG,BíNH D??NG,BíNH DUONG,75211,Vietnam,SE ASIA,90
LATITUDES,FINISHED GOODS,APPAREL,NIKE,TEGRA,PORTLAND,OREGON,97211,United States of America,AMERICAS,60
LEADING STAR VIETNAM GARMENT COMPANY LIMITED,FINISHED GOODS,APPAREL,"NIKE, Converse",LEADING STAR,THUAN AN CITY,BíNH DUONG,820000,Vietnam,SE ASIA,2837
LEAGUE OPTICAL CENTER,FINISHED GOODS,EQUIPMENT,NIKE,NO GROUP (AP),ZHONGSHANÊ,GUANGDONG,528463,China,N ASIA,42
"LEOTEX TEXTILE, S.A. DE C.V.",FINISHED GOODS,APPAREL,NIKE,JOWETT,CD. OBREGON,SONORA,85097,Mexico,AMERICAS,434
LES VETEMENTS SP APPAREL INC.,FINISHED GOODS,APPAREL,NIKE,SP APPAREL,GRANBY,QUEBEC,J2J 2B8,Canada,AMERICAS,117
"LI CHENG ENTERPRISE CO.,LTD",FINISHED GOODS - COMPONENTS,FOOTWEAR,NIKE,NO GROUP (FW),YUN-LIN HSIEN,,64645,Taiwan,N ASIA,492
LIM GROUP SRL,FINISHED GOODS,FOOTWEAR,Converse,LIM,MONTAGNANA,VENETO,,Italy,EMEA,26
LION BROTHERS FAR EAST,FINISHED GOODS - COMPONENTS,APPAREL,NIKE,LION BROTHERS,BAOAN,GUANGDONG,518125,China,N ASIA,420
LOGO CAPITAL,FINISHED GOODS,APPAREL,NIKE,NO GROUP (AP),ALEXANDRIA,VIRGINIA,22304,United States of America,AMERICAS,24
LONG AN EXPORT GARMENT JOINT STOCK COMPANY LASGE,FINISHED GOODS,APPAREL,NIKE,UNITED SWEETHEART,TAN AN,LONG AN,84-72,Vietnam,SE ASIA,915
LONG CHUAN SIMONA FOOTWEAR CO. LTD,FINISHED GOODS,FOOTWEAR,NIKE,STELLA,HEYUAN,GUANGDONG,517300,China,N ASIA,5366
"LONG FA SHOES INDUSTRIAL HUIZHOU CO., LTD.",FINISHED GOODS,FOOTWEAR,NIKE,DEAN SHOES,HUIZHOU,GUANGDONG,516121,China,N ASIA,8438
"LONG YUE SHOES INDUSTRIAL HUI ZHOU CO.,LTD.",FINISHED GOODS - COMPONENTS,FOOTWEAR,NIKE,DEAN SHOES,HUIZHOU,GUANGDONG,516000,China,N ASIA,3930
"LONGCHUAN SOMONA FOOTWEAR CO.,LTD WUHUA BRANCH",FINISHED GOODS - COMPONENTS,FOOTWEAR,NIKE,STELLA,MEIZHOU,GUANGDONG,514400,China,N ASIA,882
LONGWAY VIETNAM COMPANY LIMITED,FINISHED GOODS,EQUIPMENT,NIKE,LONGWAY,DUC HOA,LONG AN,863900,Vietnam,SE ASIA,1100
LOTUS FOOTWEAR ENTERPRISES LIMITED UNIT-2,FINISHED GOODS,FOOTWEAR,NIKE,FENG TAY,NEAR KANCHIPURAM,TAMIL NADU,631701,India,S ASIA,5930
LOTUS FOOTWEAR ENTERPRISES LTD. (INDIA BRANCH) - UNIT 1,FINISHED GOODS,FOOTWEAR,NIKE,FENG TAY,VEMBAKKAM TALUK,TAMIL NADU,PIN 631701,India,S ASIA,3255
LYNKA SP. Z O.O.,FINISHED GOODS,APPAREL,NIKE,LYNKA,SKAWINA,MALOPOLSKIE,32-050,Poland,EMEA,329
M/S STYLE TEXTILE (PVT.) LIMITED (SUNDER) - UNIT VI,FINISHED GOODS,APPAREL,NIKE,STYLE TEXTILE,LAHORE,PUNJAB,54700,Pakistan,S ASIA,5608
MAJESTIC ATHLETIC,FINISHED GOODS,APPAREL,NIKE,NO GROUP (AP),EASTON,PENNSYLVANIA,18045,United States of America,AMERICAS,430
MANUFACTURAS KALTEX,FINISHED GOODS,APPAREL,Converse,NO GROUP (AP),SANTIAGO DE QUERƒTARO,MƒXICO,76800,Mexico,AMERICAS,1365
"MANUFACTURE OF ARTISTIC BELT & ACCESSORIES CO., LTD.",FINISHED GOODS,EQUIPMENT,NIKE,NO GROUP (EQ),BEN CAT TOWN,BíNH DUONG,82575,Vietnam,SE ASIA,60
MAPLE COMPANY LIMITED,FINISHED GOODS,APPAREL,NIKE,TAI WAH,HAI PHONG CITY,HAI PHONG,4000,Vietnam,SE ASIA,894
MARCHON ITALIA SRL A SU,FINISHED GOODS,EQUIPMENT,NIKE,NO GROUP (EQ),ALPAGO,BELLUNO,32016,Italy,EMEA,301
MAS KREEDA MIHINTALE,FINISHED GOODS,APPAREL,NIKE,MAS HOLDINGS,MIHINTALE,ANURADHAPURA,50300,Sri Lanka,S ASIA,1134
MAS ACTIVE PVT LTD - CONTOURLINE DIVISION,FINISHED GOODS,APPAREL,NIKE,MAS HOLDINGS,NUGEGODA,KANDY,0,Sri Lanka,S ASIA,1660
MAS ACTIVE PVT. LTD - SYNERGY,FINISHED GOODS,APPAREL,NIKE,MAS HOLDINGS,AVISSAWELLA,COLOMBO,10700,Sri Lanka,S ASIA,2159
MAS ACTIVE TRADING PVT LTD - LINEA INTIMO,FINISHED GOODS,APPAREL,NIKE,MAS HOLDINGS,COLOMBO,COLOMBO,42000,Sri Lanka,S ASIA,680
MAS ACTIVE TRADING PVT LTD - VAANAVIL DIVISION,FINISHED GOODS,APPAREL,NIKE,MAS HOLDINGS,COLOMBO,COLOMBO,42000,Sri Lanka,S ASIA,1761
MAS FABRICS (PVT.) LTD - MATRIX,FINISHED GOODS - COMPONENTS,FOOTWEAR,NIKE,MAS HOLDINGS,THULHIRIYA,KURUNEGALA,71610,Sri Lanka,S ASIA,2012
MAS FABRICS PVT LTD - METHLIYA,FINISHED GOODS,APPAREL,NIKE,MAS HOLDINGS,KEGALLE,,71000,Sri Lanka,S ASIA,2003
MATSUDA BABY SANGYO,FINISHED GOODS,EQUIPMENT,NIKE,NO GROUP (EQ),KASHIHARA,NARA,634-0817,Japan,N ASIA,23
MAXPORT LIMITED (VIET NAM) _ THAI BINH BRANCH ( MAXPORT 09),FINISHED GOODS,APPAREL,NIKE,MAXPORT,HANOI,THçI BíNH,410000,Vietnam,SE ASIA,2464
MAXPORT LIMITED VIET NAM _ NAM DINH BRANCH MAXPORT 06,FINISHED GOODS,APPAREL,NIKE,NO GROUP (AP),NAM DINH,NAM _NH,42000,Vietnam,SE ASIA,525
MAXPORT LIMITED VIET NAM NAM DINH BRANCH MAXPORT 05,FINISHED GOODS,APPAREL,NIKE,MAXPORT,NAM DINH,NAM _NH,42000,Vietnam,SE ASIA,1504
MAZEN (JIANG MEN)INDUSTRIES LIMITED,FINISHED GOODS,EQUIPMENT,Converse,MAZEN,JIANGMEN,GUANGDONG,529100,China,N ASIA,233
"MEN-CHUEN FIBRE INDUSTRY CO., LTD. (VIETNAM)",MATERIALS,MATERIALS,NIKE,MEN CHUEN,BIEN HOA,DONG NAI,NA,Vietnam,SE ASIA,
MILTEKS TEKSTIL SANAYI VE TICARET A S,FINISHED GOODS - COMPONENTS,APPAREL,NIKE,MILTEKS,ERKENEZ MAHALLESIÊ,ISTANBUL,34520,Turkey,EMEA,176
MILTEKS TEKSTIL SANAYI VE TICARET A.S. AJARA TEXTILE LTD,FINISHED GOODS,APPAREL,NIKE,MILTEKS,BATUMI,AJARIA,6000,Georgia,EMEA,608
"MINONE ENTERPRISES CO., LTD.",FINISHED GOODS,EQUIPMENT,NIKE,NO GROUP (EQ),NANGRONG,BURI RAM,31110,Thailand,SE ASIA,638
NAM DINH STELLA FOOTWEAR CO. LTD.,FINISHED GOODS,FOOTWEAR,NIKE,STELLA,NAM DINH,NAM _NH,420000,Vietnam,SE ASIA,8255
NAM THIEN COMPANY LIMITED,FINISHED GOODS,APPAREL,NIKE,SOUTH ISLAND,HO CHI MINH,HO CHI MINH,700000,Vietnam,SE ASIA,636
NAN YANG GARMENT,FINISHED GOODS,APPAREL,NIKE,NAN YANG,"LADYAO, NAKHONSAWAN",NAKHON SAWAN,60150,Thailand,SE ASIA,1421
"NAN YANG GARMENT CO., LTD. (NONGKHAM)",FINISHED GOODS,APPAREL,NIKE,NAN YANG,NONGKHAM,BANGKOK,10160,Thailand,SE ASIA,988
"NAN YANG GARMENT CO., LTD. (WACHIRABARAMEE)",FINISHED GOODS,APPAREL,NIKE,NAN YANG,WACHIRABARAMEE,PHICHIT,66140,Thailand,SE ASIA,2608
"NAN YANG GARMENT CO.,LTD (SAMPRAN)",FINISHED GOODS,APPAREL,NIKE,NAN YANG,SAMPRAN,NAKHON PATHOM,73110,Thailand,SE ASIA,12711
NAN YANG KNITTING FACTORY,MATERIALS,MATERIALS,NIKE,NAN YANG,KRATUMBAN,BANGKOK METROPOLIS,74110,Thailand,SE ASIA,
NATIONAL EMBLEM WANG CHU EMBROIDERY CO.,FINISHED GOODS - COMPONENTS,APPAREL,NIKE,NATIONAL EMBLEM,NEW TAIPEI CITY,NEW TAIPEI,Zhonge District,Taiwan,N ASIA,13
NEW HOLLAND APPAREL DE NICARAGUA S A,FINISHED GOODS,APPAREL,NIKE,TEGRA,MANAGUA,MANAGUA,0,Nicaragua,AMERICAS,1813
NICE APPAREL COMPANY LIMITED,FINISHED GOODS,APPAREL,NIKE,NICE APPAREL,MUANG DISTRICT,NONTHABURI,11000,Thailand,SE ASIA,1224
NICE APPAREL COMPANY LIMITED BRANCH CHUMPHAE,FINISHED GOODS,APPAREL,NIKE,NICE APPAREL,CHUMPAE,BANGKOK,40130,Thailand,SE ASIA,4164
NINGBO BELL GARMENT INDUSTRIAL CO. LTD,FINISHED GOODS,APPAREL,NIKE,NO GROUP (AP),NINGBO,ZHEJIANG,315033,China,N ASIA,80
NINGBO EASTEX,FINISHED GOODS,APPAREL,NIKE,NO GROUP (AP),NINGBO,ZHEJIANG,32151,China,N ASIA,238
"NINGBO HUAYAO TEXTILE CO.,LTD",FINISHED GOODS,APPAREL,NIKE,NO GROUP (AP),NINGBO,ZHEJIANG,315800,China,N ASIA,894
"NINGBO MITSUBANA APPERAL CO., LTD",FINISHED GOODS,APPAREL,Converse,NINGBO MITSUBANA,NINGBO,ZHEJIANG,315207,China,N ASIA,69
NINGBO SHENZHOU KNITTING CO. LTD,FINISHED GOODS,APPAREL,NIKE,NINGBO,NINGBO,ZHEJIANG,315800,China,N ASIA,2890
NINGBO SHENZHOU KNITTING CO. LTD. -#6 GARMENT FACTORY,FINISHED GOODS,APPAREL,NIKE,NINGBO,NINGBO,ZHEJIANG,315800,China,N ASIA,2490
NINGBO SHENZHOU KNITTING CO. LTD. (PRINTING MILL & MC),FINISHED GOODS,APPAREL,NIKE,NINGBO,NINGBO,ZHEJIANG,315800,China,N ASIA,365
"NINGBO SHENZHOU KNITTING CO., LTD (NINGBO)",MATERIALS,MATERIALS,NIKE,NINGBO,NINGBO,ZHEJIANG,315800,China,N ASIA,
"NINGBO SHENZHOU KNITTING CO.,LTD #3 GARMENT FACTORY",FINISHED GOODS,APPAREL,NIKE,NINGBO,NINGBO,ZHEJIANG,315800,China,N ASIA,2506
NK APPAREL CO LTD,FINISHED GOODS,APPAREL,NIKE,NICE APPAREL,KHON KAEN,,40000,Thailand,SE ASIA,1146
NV APPAREL COMPANY LIMITED,FINISHED GOODS,APPAREL,NIKE,NICE APPAREL,AN GIANG,AN GIANG,880000,Vietnam,SE ASIA,2737
"NYG (VIETNAM) CO.,LTD",FINISHED GOODS,APPAREL,NIKE,NAN YANG,LONG KHANHÊ,_NG NAI,810000,Vietnam,SE ASIA,1455
"OLIVE APPAREL CAMBODIA CO., LTD",FINISHED GOODS,APPAREL,NIKE,TAI WAH,PHNOM PENH,PHNOM PENH,12405,Cambodia,SE ASIA,2886
"OPTECH CO., LTD.",FINISHED GOODS,APPAREL,NIKE,NO GROUP (AP),SAMUTSAKORN,SAMUT SAKHON,74110,Thailand,SE ASIA,82
"OREGON SCREEN IMPRESSIONS, INC.",FINISHED GOODS,APPAREL,NIKE,OREGON SCREEN IMPRESSIONS,PORTLAND,OREGON,97232,United States of America,AMERICAS,130
ORIENTAL GARMENT AN GIANG CO LTD,FINISHED GOODS,APPAREL,NIKE,NO GROUP (AP),AN GIANG,AN GIANG,,Vietnam,SE ASIA,571
"ORIENTAL GARMENT CO., LTD Ð NONGBUADANG",FINISHED GOODS,APPAREL,NIKE,NO GROUP (AP),NONGBUADANG,,36210,Thailand,SE ASIA,220
ORIGINAL APPAREL PRIVATE LIMITED,FINISHED GOODS,APPAREL,NIKE,MAS HOLDINGS,WEERAWILA,HAMBANTOTA,82632,Sri Lanka,S ASIA,580
"PACIFIC ATHLETIC WEAR, INC.",FINISHED GOODS,APPAREL,NIKE,PACIFIC ATHLETIC WEAR,GARDEN GROVE,CALIFORNIA,92841,United States of America,AMERICAS,103
"PAPILLION TEXTILE (CAMBODIA) CO., LTD",FINISHED GOODS,APPAREL,NIKE,TUNTEX,PHNOM PENH,PHNOM PENH,12412,Cambodia,SE ASIA,2115
"PARAMOUNT APPAREL INTERNATIONAL, INC.",FINISHED GOODS,APPAREL,NIKE,PARAMOUNT,BOURBON,MISSOURI,65441,United States of America,AMERICAS,403
"PARAMOUNT APPAREL INT'L, INC. WINONA MO",FINISHED GOODS,APPAREL,NIKE,NO GROUP (AP),WINONA,MISSOURI,65588,United States of America,AMERICAS,87
PETTENATI,FINISHED GOODS,APPAREL,NIKE,PETTENATI,CAXIAS DO SUL,RIO GRANDE DO SUL,95010.55,Brazil,AMERICAS,421
PETTENATI CENTRO AMERICA SA DE CV,MATERIALS,MATERIALS,NIKE,PETTENATI,COATEPEQUE,SAN SALVADOR,N/A,El Salvador,AMERICAS,
"PILOT KNIT SPORT WEAR CAMBODIA CO., LTD.",FINISHED GOODS,APPAREL,NIKE,NO GROUP (AP),PHNOM PENH CITY,KAMPONG CHAAM,12100,Cambodia,SE ASIA,520
"PILOTKNIT SPORT WEAR CO.,LTD.",FINISHED GOODS,APPAREL,NIKE,NO GROUP (AP),MUANG,SAMUT SAKHON,74000,Thailand,SE ASIA,575
PINE TREE COMPANY FOR TEXTILE MANUFACTURING PSC,FINISHED GOODS,APPAREL,NIKE,TAI WAH,AMMAN,AMMAN,110109,Jordan,EMEA,2375
"PINGHU LIPAI BAGS AND LUGGAGE CO., LTD.",FINISHED GOODS,EQUIPMENT,NIKE,NO GROUP (EQ),PINGHU,ZHEJIANG,314202,China,N ASIA,174
PINGXIANG CITY GUANGXUAN FOOTWEAR CO. LTD.,FINISHED GOODS - COMPONENTS,FOOTWEAR,NIKE,SHOETOWN,PINGXIANG,JIANGXI,337000,China,N ASIA,1401
"PLV CO., LTD",FINISHED GOODS,EQUIPMENT,NIKE,NO GROUP (EQ),TRANG BANG,TåY NINH,84000,Vietnam,SE ASIA,183
PMI JOINEASE PLASTIC & METAL PRODUCTS,FINISHED GOODS,EQUIPMENT,NIKE,NO GROUP (EQ),HUI ZHOU,GUANGDONG,516131,China,N ASIA,1006
PONY LEATHER,MATERIALS,MATERIALS,NIKE,PONY LEATHER,CHANG HUA,T'AI-WAN,40876,Taiwan,N ASIA,
POU CHEN CORPORATION,FINISHED GOODS,FOOTWEAR,NIKE,POU CHEN,CHANGHUA,CHANGHUA,506,Taiwan,N ASIA,2150
POU CHEN VIETNAM ENTERPRISE LTD.,FINISHED GOODS,FOOTWEAR,NIKE,POU CHEN,BIEN HOA CITY,_NG NAI,76123,Vietnam,SE ASIA,17347
POVOLO SRL,FINISHED GOODS,APPAREL,NIKE,POVOLO,GALLARATE,VARESE,21013,Italy,EMEA,23
POWER WIN PLASTIC PRODUCTS S.Z. COMPANY LIMITED,FINISHED GOODS,EQUIPMENT,NIKE,POWER WIN,SHENZEN,GUANGDONG,,China,N ASIA,142
PPSEC COMPANY LIMITED,FINISHED GOODS - COMPONENTS,APPAREL,NIKE,SEC ACCESSORIES,PHNOM PENH,PHNOM PENH,0,Cambodia,SE ASIA,0
PRAEGEAR VIET NAM COMPANY LIMITED,FINISHED GOODS,EQUIPMENT,NIKE,NO GROUP (EQ),DUC HOA DISTRICT,LONG AN,82000,Vietnam,SE ASIA,1508
PREMIER OPTICAL SHENZHEN LIMITED COMPNAY,FINISHED GOODS,EQUIPMENT,Converse,NO GROUP (EQ),SHENZHEN,GUANGDONG,510000,China,N ASIA,146
PRESTIGE GARMENT CO. LTD.,FINISHED GOODS,APPAREL,NIKE,NO GROUP (AP),KANDAL PROVINCE,KANDAAL,8371,Cambodia,SE ASIA,692
PRIME ASIA (CHINA),MATERIALS,MATERIALS,"NIKE, Converse",PRIME ASIA,DONGGUAN,GUANGDONG,,China,N ASIA,
PRIME ASIA (VIETNAM),MATERIALS,MATERIALS,NIKE,PRIME ASIA,TAN THANH,DONG NAI,N/A,Vietnam,SE ASIA,
PRO KINGTEX VIETNAM COMPANY LIMITED,FINISHED GOODS,APPAREL,NIKE,EAGLE NICE,HO CHI MINH CITY,HO CHI MINH,700000,Vietnam,SE ASIA,2505
"PROMAX TEXTILE CO., LTD. -6TH ROAD",MATERIALS,MATERIALS,NIKE,"PROMAX TEXTILE CO., LTD.",NHON TRACH DISTRICT,DONG NAI,737,Vietnam,SE ASIA,
PT ADIS DIMENSION FOOTWEAR,FINISHED GOODS,FOOTWEAR,NIKE,SHOETOWN,TANGERANG,BANTEN,15610,Indonesia,S ASIA,7410
PT CHANGSHIN REKSAJAYA,FINISHED GOODS - COMPONENTS,FOOTWEAR,NIKE,CHANGSHIN,GARUT,JAWA BARAT,44152,Indonesia,S ASIA,7949
PT DAYUP INDO,FINISHED GOODS,EQUIPMENT,NIKE,DAYUP,JAKARTA,JAKARTA RAYA,14140,Indonesia,S ASIA,1403
PT DONG A DECAL,FINISHED GOODS,APPAREL,NIKE,NO GROUP (AP),,JAKARTA RAYA,14140,Indonesia,S ASIA,384
PT EAGLE NICE INDONESIA,FINISHED GOODS,APPAREL,NIKE,EAGLE NICE,KABUPATEN SERANG,BANTEN,42186,Indonesia,S ASIA,2778
PT KMK GLOBAL SPORTS / K1,FINISHED GOODS,FOOTWEAR,NIKE,KMK,TANGERANG,BANTEN,15710,Indonesia,S ASIA,13191
PT MAREL SUKSES PRATAMA,FINISHED GOODS,EQUIPMENT,Converse,NO GROUP (EQ),YOGYAKARTA,YOGYAKARTA,55285,Indonesia,S ASIA,186
PT MITRA GARINDO PERKASA,FINISHED GOODS,APPAREL,NIKE,NO GROUP (AP),BOGOR,,16964,Indonesia,S ASIA,515
PT MORICH INDO FASHION,FINISHED GOODS,APPAREL,NIKE,MORICH,SEMARANG,JAWA TENGAH,50552,Indonesia,S ASIA,2211
PT NIKOMAS GEMILANG,FINISHED GOODS,FOOTWEAR,NIKE,POU CHEN,SERANG,BANTEN,42186,Indonesia,S ASIA,21411
PT PRATAMA ABADI INDUSTRI (TANGERANG SELATAN),FINISHED GOODS,FOOTWEAR,NIKE,PRATAMA,TANGERANG SELATAN,BANTEN,15325,Indonesia,S ASIA,6627
PT PRATAMA ABADI INDUSTRI (SUKABUMI),FINISHED GOODS,FOOTWEAR,NIKE,PRATAMA,SUKABUMI,JAWA BARAT,43191,Indonesia,S ASIA,21104
PT R PRIMA JAYA,FINISHED GOODS,APPAREL,NIKE,NO GROUP (AP),SEMARANG,,50117,Indonesia,S ASIA,667
PT SELALU CINTA INDONESIA,FINISHED GOODS,FOOTWEAR,NIKE,KMK,SALATIGA,JAWA TENGAH,50735,Indonesia,S ASIA,180
PT SEMARANG GARMENT,FINISHED GOODS,APPAREL,NIKE,KUKDONG,SEMARANG,,50552,Indonesia,S ASIA,3540
PT SHOETOWN KASOKANDEL INDONESIA,FINISHED GOODS - COMPONENTS,FOOTWEAR,NIKE,SHOETOWN,MAJALENGKA,,45453,Indonesia,S ASIA,2902
PT TRIGOLDENSTAR WISESA,FINISHED GOODS,APPAREL,NIKE,TRIGOLDENSTAR,KARAWANG,JAWA BARAT,41371,Indonesia,S ASIA,486
PT TUNTEX GARMENT INDONESIA-CKP,FINISHED GOODS,APPAREL,NIKE,TUNTEX,TANGERANG,BANTEN,15710,Indonesia,S ASIA,1382
PT TUNTEX GARMENT INDONESIA-TGR,FINISHED GOODS,APPAREL,NIKE,TUNTEX,TANGERANG,BANTEN,15112,Indonesia,S ASIA,1040
PT VICTORY CHINGLUH INDONESIA,FINISHED GOODS,FOOTWEAR,NIKE,CHINGLUH,TANGERANG,BANTEN,15560,Indonesia,S ASIA,13512
PT. CCH INDONESIA,FINISHED GOODS,APPAREL,NIKE,CHUAN CHENG,BANDUNG BARAT,JAWA BARAT,40552,Indonesia,S ASIA,1348
PT. CHANG SHIN INDONESIA MERGED WITH SEO HEUNG,FINISHED GOODS,FOOTWEAR,NIKE,CHANGSHIN,KARAWANG,JAWA BARAT,41374,Indonesia,S ASIA,2276
PT. CHING LUH INDONESIA,FINISHED GOODS,FOOTWEAR,NIKE,CHINGLUH,CIKUPA,BANTEN,15710,Indonesia,S ASIA,8170
PT. FENG TAY INDONESIA ENTERPRISES,FINISHED GOODS,FOOTWEAR,NIKE,FENG TAY,BANDUNG,JAWA BARAT,40376,Indonesia,S ASIA,14396
PT. FORMOSA BAG INDONESIA,FINISHED GOODS,EQUIPMENT,NIKE,FORMOSA,GROBOGAN,JAWA TENGAH,58165,Indonesia,S ASIA,3536
PT. GRAND BEST INDONESIA,FINISHED GOODS,APPAREL,NIKE,TUNTEX,SEMARANG,JAWA TENGAH,50174,Indonesia,S ASIA,2307
PT. KANINDO MAKMUR JAYA,FINISHED GOODS,EQUIPMENT,NIKE,KANAAN,"JEPARA, CENTRAL JAVA",JAWA TENGAH,59462,Indonesia,S ASIA,5619
PT. POU YUEN INDONESIA,FINISHED GOODS,FOOTWEAR,NIKE,POU CHEN,CIANJUR,JAWA BARAT,43284,Indonesia,S ASIA,10940
PT. SHOETOWN LIGUNG INDONESIA,FINISHED GOODS,FOOTWEAR,NIKE,SHOETOWN,MAJALENGKA,JAWA BARAT,45456,Indonesia,S ASIA,4064
PT. TK INDUSTRIAL INDONESIA,FINISHED GOODS,FOOTWEAR,NIKE,TAEKWANG,"BELENDUNG, CIBOGO",JAWA BARAT,41285,Indonesia,S ASIA,24573
PT. YC TEC INDONESIA,FINISHED GOODS,FOOTWEAR,NIKE,NO GROUP (FW),CIBATU KABUPATEN PURWAKARTA,JAWA BARAT,41181,Indonesia,S ASIA,589
QINGDAO CHANGSHIN JIMO FACTORY,FINISHED GOODS - COMPONENTS,FOOTWEAR,NIKE,CHANGSHIN,"JIMO, QINGDAO",SHANDONG,266200,China,N ASIA,514
"QINGDAO CHANGSHIN SHOES CO., LTD.",FINISHED GOODS,FOOTWEAR,NIKE,CHANGSHIN,QINGDAO,SHANDONG,266300,China,N ASIA,3602
"QINGDAO TAEHWA SHOES CO., LTD",FINISHED GOODS - COMPONENTS,FOOTWEAR,NIKE,TAEKWANG,LAIXI CITY,SHANDONG,250011,China,N ASIA,508
"QINGDAO TAEJIN SHOES CO., LTD",FINISHED GOODS - COMPONENTS,FOOTWEAR,NIKE,TAEKWANG,JIMO CITY,SHANDONG,250011,China,N ASIA,357
"QINGDAO TAEKWANG SHOES CO., LTD",FINISHED GOODS,FOOTWEAR,NIKE,TAEKWANG,QINGDAO,SHANDONG,266604,China,N ASIA,2007
"QINGDAO YANTAI NE APPAREL CO.,LTD",FINISHED GOODS,APPAREL,NIKE,NICE APPAREL,YANTAI,SHANDONG,265100,China,N ASIA,1004
QINGYUAN CITY LIANNAN YAO NATIONALITY AUTONOMOUS COUNTY RONGFANG FOOTWEAR,FINISHED GOODS,FOOTWEAR,NIKE,SHOETOWN,QING YUAN,GUANGDONG,513300,China,N ASIA,743
"QUANG VIET ENTERPRISE CO., LTD",FINISHED GOODS,APPAREL,NIKE,QUANG VIET,HO CHI MINH,HO CHI MINH,70000,Vietnam,SE ASIA,6160
QUANZHOU FENGZE YISHENG LEATHER CO,FINISHED GOODS,EQUIPMENT,Converse,NO GROUP (EQ),QUANZHOU,FUJIAN,362341,China,N ASIA,42
QUANZHOU UNISON LIGHT INDUSTRIAL MANUFACTURING CO. LTD.,FINISHED GOODS,EQUIPMENT,NIKE,NO GROUP (EQ),QUANZHOU,FUJIAN,362000,China,N ASIA,39
R. A. INTERTRADING S. A.,FINISHED GOODS,APPAREL,NIKE,RA INTERTRADING,CAPITAL FEDERAL,BUENOS AIRES,C1439FVQ,Argentina,AMERICAS,799
"RAJA UCHINO CO.,LTD.",FINISHED GOODS,EQUIPMENT,NIKE,NO GROUP (EQ),SRIRACHA,CHON BURI,20230,Thailand,SE ASIA,134
RAMATEX APPAREL SUZHOU LTD.,FINISHED GOODS,APPAREL,NIKE,TAI WAH,SUZHOU,JIANGSU,215121,China,N ASIA,494
RAMATEX INDUSTRIA LTD.,MATERIALS,MATERIALS,NIKE,RAMATEX,JIANG SU,JIANGSU,215021,China,N ASIA,
RAMATEX INDUSTRIAL SUZHOU LTD,FINISHED GOODS - COMPONENTS,APPAREL,NIKE,TAI WAH,SUZHOU,JIANGSU,215021,China,N ASIA,617
RAMATEX TEXTILES INDUSTRIAL SDN. BHD.,MATERIALS,MATERIALS,NIKE,RAMATEX,JOHOR,,0,Malaysia,S ASIA,
REGENT GARMENT FACTORY LTD,FINISHED GOODS,APPAREL,NIKE,CRYSTAL,HAI DUONG,HI DUONG,170000,Vietnam,SE ASIA,3284
"REGINA MIRACLE INTERNATIONAL VIETNAM CO., LTD",FINISHED GOODS,APPAREL,NIKE,REGINA MIRACLE,HAI PHONG,HAI PHONG,180000,Vietnam,SE ASIA,6830
REGINA MIRACLE INTIMATE APPAREL SHENZHEN LIMITED,FINISHED GOODS,APPAREL,NIKE,REGINA MIRACLE,SHENZHEN,GUANGDONG,518132,China,N ASIA,74
RIETVELD SERIGRAFIE BV,FINISHED GOODS,APPAREL,NIKE,RIETVELD,ZOETERWOUDE RIJNDIJK,ZUID-HOLLAND,2382NW,Netherlands,EMEA,32
RIPON ATHLETIC,FINISHED GOODS,APPAREL,NIKE,RIPON,BERLIN,WISCONSIN,54923,United States of America,AMERICAS,143
RJ LIEBE ATHLETIC LETTERING CO.,FINISHED GOODS - COMPONENTS,APPAREL,NIKE,RJ LIEBE ATHLETIC LETTERING,CHESTERFIELD,MISSOURI,63005,United States of America,AMERICAS,48
ROLLSPORT VIETNAM FOOTWEAR LIMITED,FINISHED GOODS,FOOTWEAR,NIKE,HUALI,THANH HOA,THANH HîA,410000,Vietnam,SE ASIA,10270
RS/TUPA IND. DE PLASTICO LTDA,FINISHED GOODS - COMPONENTS,FOOTWEAR,NIKE,NO GROUP (FW),NOVO HAMBURGO,RIO GRANDE DO SUL,93546640,Brazil,AMERICAS,142
S.E.C. (DONGGUAN) ACCESSORIES LIMITED,FINISHED GOODS - COMPONENTS,APPAREL,NIKE,SEC ACCESSORIES,DONGGUAN CITY,GUANGDONG,523590,China,N ASIA,32
SABRINA CAMBODIA GARMENT MANUFACTURING,FINISHED GOODS,APPAREL,NIKE,SABRINA,SAMRONG TORNG DISTRICT,KAMPONG SPUEU,111111,Cambodia,SE ASIA,4300
SADESA (AYUTTHAYA),MATERIALS,MATERIALS,NIKE,SADESA,AYUTTHAYA,CENTRAL,0,Thailand,SE ASIA,
SADESA (CHONBURI),MATERIALS,MATERIALS,NIKE,SADESA,CHONBURI,CENTRAL,20230,Thailand,SE ASIA,
"SAIGON DARYAR PLASTIC CO.,LTD",FINISHED GOODS,EQUIPMENT,NIKE,SAIGON DARYAR,DI AN,BíNH DUONG,590000,Vietnam,SE ASIA,510
SAIGON GOLDEN PRENE ENTERPRISE COMPANY LIMITED,FINISHED GOODS,EQUIPMENT,NIKE,GUANG DER,BINH DUONG,BíNH DUONG,72000,Vietnam,SE ASIA,1403
SAN FANG (INDONESIA),MATERIALS,MATERIALS,"NIKE, Converse",SAN FANG,TANGERANG,SERANG,0,Indonesia,S ASIA,
SAN FANG (TAIWAN),MATERIALS,MATERIALS,NIKE,SAN FANG,KAOHSIUNG,,,Taiwan,N ASIA,
SAN FANG (VIETNAM),MATERIALS,MATERIALS,NIKE,SAN FANG,TAN THANH,THANH PHO HO CHI MINH,10,Vietnam,SE ASIA,
SAN FANG CHINA,MATERIALS,MATERIALS,NIKE,SAN FANG,DONGGUAN,GUANGDONG,523758,China,N ASIA,
SAO KHUE,FINISHED GOODS - COMPONENTS,FOOTWEAR,NIKE,TAEKWANG,BIEN HOA CITY,_NG NAI,76000,Vietnam,SE ASIA,1337
SARNO DISPLAY S.R.L.,FINISHED GOODS,EQUIPMENT,NIKE,NO GROUP (EQ),CARNATE,LOMBARDIA,20866,Italy,EMEA,86
"SATO KNIT CO., LTD",FINISHED GOODS,APPAREL,NIKE,SATO KNIT,AMAKUSA-CITY,KUMAMOTO,863 0011,Japan,N ASIA,43
SCAVI HUE COMPANY,FINISHED GOODS,APPAREL,NIKE,SCAVI,PHONG DIEN,THA THIæN-HU,530000,Vietnam,SE ASIA,6646
SELF MAGLIERIA SNC DI FLORIANI FABRIZIO & C.,FINISHED GOODS,APPAREL,NIKE,SELF MAGLIERIA,LOMBARDY,COMO,22070,Italy,EMEA,25
SEWING JONAH,FINISHED GOODS,APPAREL,NIKE,SEWING JONAH,KUMAMOTO -CITY,KUMAMOTO,861 4101,Japan,N ASIA,47
SEYANG CORPORATION VIETNAM,FINISHED GOODS,APPAREL,NIKE,SEYANG,KIMBANG DISTRICT,HË NAM,700635492,Vietnam,SE ASIA,600
SFO APPAREL INC. (SEWING & CUTTING),FINISHED GOODS,APPAREL,NIKE,SFO APPAREL,BRISBANE,CALIFORNIA,94005,United States of America,AMERICAS,80
SHADELINE PVT LTD,FINISHED GOODS,APPAREL,NIKE,MAS HOLDINGS,MAHIYANGANAYA,?V? M?K??AM,90730,Sri Lanka,S ASIA,1848
"SHANDONG YUANCHENGHE GARMENTS CO.,LTD",FINISHED GOODS,APPAREL,NIKE,FAR EASTERN,"NINGYANG COUNTY, TAIAN CITY",SHANDONG,271400,China,N ASIA,116
SHANGGAO YISEN INDUSTRY CO. LTD.,FINISHED GOODS,FOOTWEAR,NIKE,POU CHEN,YICHUN,JIANGXI,336400,China,N ASIA,7879
SHAO YANG COUNTY STEIIA FOOTWEAR LTD,FINISHED GOODS,FOOTWEAR,NIKE,STELLA,SHAOYANG,HUNAN,422100,China,N ASIA,1262
SHAOYANG LIANTAI SQ HANSHOU UPPER FACILITY,FINISHED GOODS - COMPONENTS,FOOTWEAR,NIKE,STELLA,CHANDE CITY,HUNAN,415907,China,N ASIA,955
SHAOYANG STELLA FOOTWEAR COMPANY LIMITED,FINISHED GOODS,FOOTWEAR,NIKE,STELLA,SHAOYANG CITY,HUNAN,422000,China,N ASIA,4215
"SHEN ZHOU (CAMBODIA) CO., LTD",FINISHED GOODS,APPAREL,NIKE,NINGBO,PHNOM PENH,PHNOM PENH,0,Cambodia,SE ASIA,2835
"SHENZHEN PENGYIFA INDUSTRIAL CO, LTD",FINISHED GOODS,APPAREL,NIKE,NO GROUP (AP),SHENZHEN GUANGMING DISTRICT,GUANGDONG,518107,China,N ASIA,46
SHINTA WOOSUNG,MATERIALS,MATERIALS,NIKE,SHINTA WOOSUNG,SERANG,BANTEN,42178,Indonesia,S ASIA,
SHIXING TIAN HE GARMENTS CO. LTD.,FINISHED GOODS,APPAREL,NIKE,NO GROUP (AP),SHAO GUANG,GUANGDONG,,China,N ASIA,127
"SHOETOWN FOOTWEAR CO.,LTD",FINISHED GOODS,FOOTWEAR,NIKE,SHOETOWN,QINGYUAN CITY,GUANGDONG,511800,China,N ASIA,12134
SHOETOWN HUNAN,FINISHED GOODS,FOOTWEAR,NIKE,SHOETOWN,YONGZHOU CITY,HUNAN,,China,N ASIA,3429
SHOETOWN JINTAN,FINISHED GOODS,FOOTWEAR,NIKE,SHOETOWN,QINGYUAN CITY,GUANGDONG,511515,China,N ASIA,1138
SLANE HOSIERY MILLS - CENTENNIAL FACILITY,FINISHED GOODS,EQUIPMENT,NIKE,SLANE,HIGH POINT,NORTH CAROLINA,27260,United States of America,AMERICAS,463
SLANE HOSIERY MILLS - FAIRFIELD FACILITY,FINISHED GOODS,EQUIPMENT,NIKE,SLANE,HIGH POINT,NORTH CAROLINA,27263,United States of America,AMERICAS,493
"SNP CO.,LTD.",FINISHED GOODS,APPAREL,NIKE,SPORTS CITY,"THU DAU MOT CITY,",BíNH DUONG,75000,Vietnam,SE ASIA,492
SON KHA SCREEN PRINTING CO. LTD,FINISHED GOODS,APPAREL,NIKE,SOUTH ISLAND,HO CHI MINH CITY,,,Vietnam,SE ASIA,134
SONG HONG GARMENT FACTORY,FINISHED GOODS,APPAREL,NIKE,NO GROUP (AP),HAI HAU,NAM _NH,,Vietnam,SE ASIA,1950
SONG HONG GARMENT JSC - FACTORY 15.16.17.18,FINISHED GOODS,APPAREL,NIKE,SONG HONG,HOBOKEN,NAM _NH,7030,Vietnam,SE ASIA,1997
SONGSEN GARMENT SUZHOU LTD,FINISHED GOODS,APPAREL,NIKE,TAI WAH,SUZHOU,,215124,China,N ASIA,340
SOUTH ISLAND GARMENT SDN. BHD.,FINISHED GOODS,APPAREL,NIKE,SOUTH ISLAND,PRAI,,13600,Malaysia,S ASIA,405
"SOUTHERN APPAREL CONTRACTORS, S.A.",FINISHED GOODS,APPAREL,NIKE,TEGRA,CARRETERA A SAN PEDRO SULA,CORTƒS,21103,Honduras,AMERICAS,3886
SPORTEK,FINISHED GOODS,FOOTWEAR,NIKE,DIAMANT,KOTOR VAROS,REPUBLIKA SRPSKA,78220,Bosnia and Herz.,EMEA,2007
STANWELL-EXPAN CO. LTD,FINISHED GOODS - COMPONENTS,APPAREL,NIKE,STANWELL-EXPAN,TAOYUAN,T'AI-WAN,333,Taiwan,N ASIA,627
STAPLES PROMOTIONAL PRODUCTS (ORANGE CITY),FINISHED GOODS,APPAREL,NIKE,NO GROUP (AP),ORANGE CITY,IOWA,51041,United States of America,AMERICAS,308
STAPLES PROMOTIONAL PRODUCTS (MARCUS),FINISHED GOODS,APPAREL,NIKE,NO GROUP (AP),MARCUS,IOWA,51035,United States of America,AMERICAS,68
STERLING APPAREL MANUFACTURING L.L.C,FINISHED GOODS,APPAREL,NIKE,MAS HOLDINGS,MADABA,MADABA,11636,Jordan,EMEA,354
STERLING APPAREL MANUFACTURING L.L.C. SAHAB,FINISHED GOODS,APPAREL,NIKE,MAS HOLDINGS,SAHAB,AMMAN,11636,Jordan,EMEA,1602
STYLDEA SRL,FINISHED GOODS,FOOTWEAR,Converse,STYLDEA,ALTIVOLE,TREVISO,31030,Italy,EMEA,18
STYLE MANUFACTURERS,FINISHED GOODS,APPAREL,NIKE,STYLE,LEON,GUANAJUATO,37358,Mexico,AMERICAS,257
STYLE TEXTILE IV,FINISHED GOODS,APPAREL,NIKE,STYLE TEXTILE,LAHORE,PUNJAB,54500,Pakistan,S ASIA,3375
STYLE TEXTILE PVT LTD.,FINISHED GOODS - COMPONENTS,APPAREL,NIKE,STYLE TEXTILE,LAHORE,PUNJAB,54770,Pakistan,S ASIA,4392
STYLE TEXTILE PVT. LTD. UNIT NO. 2,FINISHED GOODS,APPAREL,NIKE,STYLE TEXTILE,LAHORE,PUNJAB,54770,Pakistan,S ASIA,398
"STYLE TEXTILE(PVT.) LIMITED, (MANGA)",FINISHED GOODS,APPAREL,NIKE,STYLE TEXTILE,KASUR/LAHORE,PUNJAB,55150,Pakistan,S ASIA,7093
"SUMBER MASANDA JAYA, PT",FINISHED GOODS,FOOTWEAR,NIKE,PRATAMA,BREBES,JAWA TENGAH,52253,Indonesia,S ASIA,1956
"SUNNY JET HOSIERY CO., LIMITED",FINISHED GOODS,APPAREL,NIKE,NO GROUP (AP),YANGZHOU,JIANGSU,225003,China,N ASIA,253
SUSSEX IM,FINISHED GOODS,EQUIPMENT,NIKE,NO GROUP (EQ),SUSSEX,WISCONSIN,53089,United States of America,AMERICAS,315
SUZHOU TAIWAY APPAREL PTE LTD,FINISHED GOODS,APPAREL,NIKE,TAI WAH,"MUDU TOWN, WUZHONG SECTION",JIANGSU,215101,China,N ASIA,400
TAE KWANG CAN THO LIMITED LIABILITY COMPANY,FINISHED GOODS,FOOTWEAR,NIKE,TAEKWANG,CAI RANG,CAN THO,900000,Vietnam,SE ASIA,4164
TAE KWANG VINA,FINISHED GOODS,FOOTWEAR,NIKE,TAEKWANG,BIEN HOA,_NG NAI,700000,Vietnam,SE ASIA,14720
TAE KWANG VINA JOINT STOCK COMPANY'S BRANCH,FINISHED GOODS - COMPONENTS,FOOTWEAR,NIKE,TAEKWANG,BIEN HOA,_NG NAI,70000,Vietnam,SE ASIA,9596
TAE KWANG VINA SATELLITE,FINISHED GOODS - COMPONENTS,FOOTWEAR,NIKE,TAEKWANG,MY THO,TIN GIANG,860000,Vietnam,SE ASIA,6131
"TAEKWANG INDUSTRY CO., LTD.",FINISHED GOODS,FOOTWEAR,NIKE,TAEKWANG,GIMHAE,GYEONGSANGNAMDO,621-200,South Korea,N ASIA,866
TAI WAH GARMENTS INDUSTRY SDN BHD KULAI JAYA,FINISHED GOODS,APPAREL,NIKE,TAI WAH,JOHOR DARUL TAKZIM,JOHOR,81000,Malaysia,S ASIA,1517
TAI WAH GARMENTS INDUSTRY SDN. BHD SEGAMAT,FINISHED GOODS,APPAREL,NIKE,TAI WAH,SEGAMAT,JOHOR,85000,Malaysia,S ASIA,842
TAI WAH GARMENTS INDUSTRY SDN. BHD.- KL1,FINISHED GOODS,APPAREL,NIKE,TAI WAH,KLUANG,JOHOR,86000,Malaysia,S ASIA,715
"TAICHUNG SHUIHING LABEL WEAVING CO., LTD.",FINISHED GOODS - COMPONENTS,APPAREL,NIKE,AVERY DENNISON,TAICHUNG,TAICHUNG,43769,Taiwan,N ASIA,84
TAITAT PUTRA REJEKI,FINISHED GOODS,EQUIPMENT,Converse,NO GROUP (EQ),BOGOR,JAKARTA RAYA,0,Indonesia,S ASIA,74
TEAM EDITION APPAREL,FINISHED GOODS,APPAREL,NIKE,TEAM EDITION,BRADENTON,FLORIDA,34208,United States of America,AMERICAS,166
TEXLAN CENTER PRIVATE LIMITED,FINISHED GOODS,EQUIPMENT,NIKE,INTERLOOP,MINUWANGODA,COLOMBO,11550,Sri Lanka,S ASIA,922
TEXTEL SPORT TECH S.A.,FINISHED GOODS,APPAREL,NIKE,SPORT TECH,SAN MARTIN,BUENOS AIRES,,Argentina,AMERICAS,125
TEXTIL H.J.HERING LTDA,FINISHED GOODS,APPAREL,NIKE,TEXTIL H.J. HERING,INDAIAL,SANTA CATARINA,89086723,Brazil,AMERICAS,275
TEXTILES INTERNATIONAL OF EGYPT LTD.,FINISHED GOODS,APPAREL,NIKE,TIE TEXTILES,CAIRO,ASH SHARQIYAH,11816,Egypt,EMEA,1224
"TEXTILES LA PAZ, L.L.C.",FINISHED GOODS,APPAREL,NIKE,FUN TEES,EL ROSARIO LA PAZ,LA PAZ,n/a,El Salvador,AMERICAS,2502
"TEXTURERIAS, S.A. DE C.V.",FINISHED GOODS,APPAREL,NIKE,TEXTURERIAS,SANTIAGO TIANGUISTENCO,DISTRITO FEDERAL,52600,Mexico,AMERICAS,273
"THAI SOCK CO., LTD.",FINISHED GOODS,APPAREL,NIKE,THAI SOCKS,PRAPRADAENG,SAMUT PRAKAN,10130,Thailand,SE ASIA,503
"THE HADDAD APPAREL WUXI, CO., LTD",FINISHED GOODS,APPAREL,NIKE,NO GROUP (AP),WUXI,JIANGSU,214125,China,N ASIA,57
"THUAN PHUONG EMBROIDERIES & GARMENTS CO., LTD - BINH CHANH FACTORY",FINISHED GOODS,APPAREL,NIKE,NO GROUP (AP),BINH CHANH DISTRICT,HO CHI MINH,700000,Vietnam,SE ASIA,1506
"THUAN PHUONG EMBROIDERIES GARMENTS CO., LTD.",FINISHED GOODS,APPAREL,NIKE,NO GROUP (AP),HO CHI MINH CITY,HO CHI MINH,700000,Vietnam,SE ASIA,1568
TIONG LIONG (CHINA),MATERIALS,MATERIALS,NIKE,TLCÊ,FUQING CITY,FUJIAN,350300,China,N ASIA,
TIONG LIONG (TAIWAN),MATERIALS,MATERIALS,NIKE,TLCÊ,TAICHUNG,T'AI-WAN,0,Taiwan,N ASIA,
TIONG LIONG (VIETNAM),MATERIALS,MATERIALS,NIKE,TLCÊ,THUAN AN,BINH DUONG PROVINCE,0,Vietnam,SE ASIA,
"TMI VIETNAM CO., LTD",FINISHED GOODS,APPAREL,NIKE,TUNG MUNG,HO CHI MINH CITY,HO CHI MINH,700000,Vietnam,SE ASIA,1817
TNG INVESTMENT AND TRADING JSC - DAI TU,FINISHED GOODS,APPAREL,NIKE,NO GROUP (AP),THAI NGUYEN,THçI NGUYæN,240000,Vietnam,SE ASIA,2013
TOCCALINO CARLOS JAVIER Y TOCCALINO DANIEL ANTONIO S.H.,FINISHED GOODS,APPAREL,Converse,NO GROUP (AP),LUJAN,BUENOS AIRES,B6700,Argentina,AMERICAS,21
TONG HONG CHINA,MATERIALS,MATERIALS,NIKE,TONG HONG,BEIHAI,GUANGXI,536100,China,N ASIA,
TONG HONG VIETNAM,MATERIALS,MATERIALS,NIKE,TONG HONG,TAN THANH,BINH DUONG,0,Vietnam,SE ASIA,
TOP SUMMIT GARMENT INC,FINISHED GOODS,APPAREL,NIKE,SABRINA,KANDAL,KANDAAL,315000,Cambodia,SE ASIA,3987
TORAY SAKAI CO. LTD.,MATERIALS,MATERIALS,NIKE,TORAY SAKAI CO. LTD.,JIANG SU,JIANGSU,226010,China,N ASIA,
"TOYAMA SPORTS GOODS CO., LTD.",FINISHED GOODS,EQUIPMENT,NIKE,TOYAMA SPORTS,NANTO,TOYAMA,939-1637,Japan,N ASIA,3
TTG CO. LTD.,FINISHED GOODS,APPAREL,NIKE,SOUTH ISLAND,TIEN GIANG,,,Vietnam,SE ASIA,51
TUKES PRINTING,FINISHED GOODS,APPAREL,NIKE,NO GROUP (AP),TREMONT,PENNSYLVANIA,17981,United States of America,AMERICAS,51
TUNTEX SOC TRANG VIETNAM CO.LTD,FINISHED GOODS,APPAREL,NIKE,TUNTEX,SOC TRANG,SîC TRANG,95000,Vietnam,SE ASIA,2545
"U.S. EMBROIDERY, LLC",FINISHED GOODS,APPAREL,NIKE,US EMBROIDERY,WILSONVILLE,OREGON,97070-7678,United States of America,AMERICAS,18
UAB HALTEX,FINISHED GOODS,APPAREL,NIKE,NO GROUP (AP),ALYTUS,ALYTAUS APSKRITIS,62175,Lithuania,EMEA,353
"UNICHELA (PVT)LTD, VIDIYAL DIVISION",FINISHED GOODS,APPAREL,NIKE,NO GROUP (AP),KILINOCHCHI,KILINOCHCHI,44000,Sri Lanka,S ASIA,1362
"UNIPAX CO., LTD",FINISHED GOODS,APPAREL,NIKE,HWASEUNG CROWN,BIEN HOA CITY,_NG NAI,,Vietnam,SE ASIA,1850
"UNITED SWEETHEARTS GARMENT (VIETNAM) CO., LTD.",FINISHED GOODS,APPAREL,NIKE,UNITED SWEETHEART,DONG NAI,_NG NAI,14209,Vietnam,SE ASIA,2508
UNITED SWEETHEARTS GARMENT SDN BHD,FINISHED GOODS,APPAREL,NIKE,UNITED SWEETHEART,SUNGAI BAKAP,PULAU PINANG,14209,Malaysia,S ASIA,1174
"UNIVERSAL SPORTING GOODS THAILAND CO., LTD.",FINISHED GOODS,EQUIPMENT,NIKE,UNIVERSAL,NAKORNPRATHOM,CHON BURI,73110,Thailand,SE ASIA,539
"VEGA BALLS MANUFACTURING CO.,LTD.",FINISHED GOODS,EQUIPMENT,NIKE,VEGA BALL,A.MUANGSAMUTPRAKARN,SAMUT PRAKAN,10280,Thailand,SE ASIA,473
"VERTEX APPAREL CO., LTD.",FINISHED GOODS,APPAREL,NIKE,HONG SENG,WARINCHAMRAB,UBON RATCHATHANI,34190,Thailand,SE ASIA,1655
VERTICAL KNITS S.A. DE C.V.,FINISHED GOODS - COMPONENTS,APPAREL,NIKE,VERTICAL KNITS,BACA,YUCATçN,97450,Mexico,AMERICAS,2195
VERTICAL KNITS S.A. DE C.V. (MDC - TIZIMIN),FINISHED GOODS,APPAREL,NIKE,VERTICAL KNITS,TIZIMIN,YUCATçN,97702,Mexico,AMERICAS,643
"VIET HONG GARMENT EXPORT CO., LTD.",FINISHED GOODS,APPAREL,NIKE,SOUTH ISLAND,BEN TRE,BN TRE,150513490,Vietnam,SE ASIA,1984
VIET KHANH COMPANY LIMITED,FINISHED GOODS,APPAREL,NIKE,SOUTH ISLAND,TIEN GIANG,TIN GIANG,860000,Vietnam,SE ASIA,1493
VIET LONG HUNG GARMENT COMPANY LIMITED,FINISHED GOODS,APPAREL,NIKE,SOUTH ISLAND,GO CONG TOWN,TIN GIANG,860000,Vietnam,SE ASIA,1801
"VIET NAM DONA GOLD LONG JOHN INTL CO., LTD.",MATERIALS,MATERIALS,NIKE,GOLD LONG JOHN,NHON TRACH DISTRICT,DONG NAI PROVINCE,61,Vietnam,SE ASIA,
"VIET PAN - PACIFIC NAM DINH CO., LTD",FINISHED GOODS,APPAREL,NIKE,NO GROUP (AP),NAM DINHÊ,NAM _NH,7000,Vietnam,SE ASIA,1774
VIET THINH GARMENT JOINT STOCK COMPANY,FINISHED GOODS,APPAREL,NIKE,SOUTH ISLAND,HO CHI MINH,THANH HîA,84,Vietnam,SE ASIA,2614
VIET TIEN GARMENT CORPORATION,FINISHED GOODS,APPAREL,NIKE,SOUTH ISLAND,HO CHI MINH,HO CHI MINH,7000,Vietnam,SE ASIA,2642
VIETNAM CHINGLUH SHOES CO. LTD.,FINISHED GOODS,FOOTWEAR,NIKE,CHINGLUH,BEN LUC COUNTY,LONG AN,700000,Vietnam,SE ASIA,17371
VIETNAM MOC BAI JOINT STOCK COMPANY,FINISHED GOODS,FOOTWEAR,NIKE,TAEKWANG,TAY NINH,TåY NINH,80000,Vietnam,SE ASIA,11480
VIETNAM POU SUNG CO. LTD.,FINISHED GOODS,FOOTWEAR,NIKE,POU CHEN,TRANG BOM,_NG NAI,76318,Vietnam,SE ASIA,18728
VINH LONG FOOTWEAR CO LTD,FINISHED GOODS,FOOTWEAR,Converse,LAI YIH,VINH LONG PROVINCE,VINH LONG,89000,Vietnam,SE ASIA,10098
VINH TIEN GARMENT FACTORY,FINISHED GOODS,APPAREL,NIKE,SOUTH ISLAND,VINH LONG,VINH LONG,84-070,Vietnam,SE ASIA,2104
"VUNG TAU ORIENT CO., LTD",FINISHED GOODS,EQUIPMENT,NIKE,FENG TAY,VUNG TAU,BË RA - VUNG TËU,78000,Vietnam,SE ASIA,1599
W.S. CALCADOS LTDA.,FINISHED GOODS,FOOTWEAR,Converse,NO GROUP (FW),NOVA PETROPOLIS,RIO GRANDE DO SUL,95150-000,Brazil,AMERICAS,91
"WALT TECHNOLOGY ( CAMBODIA) CO., LTD",FINISHED GOODS,EQUIPMENT,NIKE,ZHEJIANG WALT,SIHANOUK VILLE,KRONG PREAH SIHANO,18205,Cambodia,SE ASIA,125
"WALT TECHNOLOGY GROUP CO., LTD.",FINISHED GOODS,EQUIPMENT,NIKE,ZHEJIANG WALT,HAINING,ZHEJIANG,314400,China,N ASIA,758
WALT USA LLC,FINISHED GOODS,EQUIPMENT,NIKE,ZHEJIANG WALT,N LOGAN,UTAH,84341,United States of America,AMERICAS,29
WAN WAY,FINISHED GOODS,EQUIPMENT,NIKE,NO GROUP (EQ),TAINAN,,70966,Taiwan,N ASIA,11
WELLPOWER SPORTING GOODS CO LTD,FINISHED GOODS,EQUIPMENT,NIKE,WELLPOWER,DONGGUAN,GUANGDONG,523425,China,N ASIA,1074
WINNING SPORTSWEAR CO. LTD.,FINISHED GOODS,APPAREL,NIKE,TIEN POU,TINH BINH DUONG,BíNH DUONG,824300,Vietnam,SE ASIA,2710
"WONJINKOLON GLOTECH CO., LTD.",FINISHED GOODS - COMPONENTS,FOOTWEAR,NIKE,NO GROUP (FW),TAM AN VILLAGE,_NG NAI,810000,Vietnam,SE ASIA,148
"WORLDON VIETNAM CO., LTD.",FINISHED GOODS,APPAREL,NIKE,NINGBO,HO CHI MINH,HO CHI MINH,70000,Vietnam,SE ASIA,11796
"XIAMEN EXPANDING INDUSTRIAL CO., LTD",FINISHED GOODS,APPAREL,NIKE,NO GROUP (AP),XIAMEN,FUJIAN,361000,China,N ASIA,76
"XINCHANG SHOES CO.,LTD",FINISHED GOODS - COMPONENTS,FOOTWEAR,NIKE,DEAN SHOES,XINNING,GUANGDONG,510000,China,N ASIA,4661
YANCHENG XINBO GARMENTS CO LTD,FINISHED GOODS,APPAREL,Converse,DƒCOR,YANCHENG,JIANGSU,224007,China,N ASIA,184
"YANGZHOU BAOYI SHOES MANUFACTURING CO.,LTD.",FINISHED GOODS,FOOTWEAR,Converse,LAI YIH,YANG ZHOU,JIANGSU,225009,China,N ASIA,2508
"YEGIN INDUSTRY (VIETNAM) CO., LTD",FINISHED GOODS,EQUIPMENT,NIKE,YEGIN,TAN PHUOC DISTRICT,TIN GIANG,863900,Vietnam,SE ASIA,1084
YESIM TEKSTIL SANAYI VE TICARETÊ A.S.,MATERIALS,MATERIALS,NIKE,YESIM,BURSA,BURSA,16580,Turkey,EMEA,
YESTERWEAR,FINISHED GOODS,APPAREL,NIKE,NO GROUP (AP),LUMBERTON,NEW JERSEY,8048,United States of America,AMERICAS,72
YICHANE CO.LTD,FINISHED GOODS,EQUIPMENT,NIKE,NO GROUP (EQ),TAINAN,TAINAN,709,Taiwan,N ASIA,30
"YICHUN YISEN INDUSTRY CO., LTD",FINISHED GOODS - COMPONENTS,FOOTWEAR,NIKE,POU CHEN,YICHUN CITY,,336000,China,N ASIA,3211
YIECHANG,FINISHED GOODS,EQUIPMENT,NIKE,NO GROUP (EQ),FENG YUAN,TAICHUNG,42084,Taiwan,N ASIA,33
"YONGZHOU KAIXIANG SHOETOWN FOOTWEAR CO., LTD. NOT A FINISHED GOODS FACILITY",FINISHED GOODS - COMPONENTS,FOOTWEAR,NIKE,SHOETOWN,YONGZHOU,HUNAN,425900,China,N ASIA,1368
"YONGZHOU KAIXIN SHOETOWN FOOTWEAR CO., LTD.",FINISHED GOODS,FOOTWEAR,NIKE,SHOETOWN,YONG ZHOU,HUNAN,425300,China,N ASIA,725
YOU YOUNG,FINISHED GOODS - COMPONENTS,FOOTWEAR,NIKE,NO GROUP (FW),BUSAN,BUSAN GWANGYEOGSI,49432,South Korea,N ASIA,168
YOU YOUNG (KOREA),MATERIALS,MATERIALS,"NIKE, Converse",YOU YOUNGÊ,BUSAN,,,South Korea,N ASIA,
YOU YOUNG (VIETNAM),MATERIALS,MATERIALS,NIKE,YOU YOUNGÊ,BEN CAT,BINH DUONG,0,Vietnam,SE ASIA,
"YOUNG POONG TEXTILE CO., LTD",MATERIALS,MATERIALS,NIKE,JOONGANG,BUSAN,SOUTH GYEONGSANG,604-838,South Korea,N ASIA,
YOUNGIL (VIETNAM),FINISHED GOODS - COMPONENTS,FOOTWEAR,NIKE,YOUNGIL LEATHER,TAY NINH,TåY NINH,,Vietnam,SE ASIA,1
"YRC TEXTILE CO.,LTD.",MATERIALS,MATERIALS,NIKE,YRC,KRATOOMBAN,SAMUTSAKORN,74130,Thailand,SE ASIA,
"YUAN LING KNITTING INDUSTRIAL CO., LTD.",FINISHED GOODS - COMPONENTS,FOOTWEAR,NIKE,NO GROUP (AP),CHANGHUA CITY,CHANGHUA,50083,Taiwan,N ASIA,308
"YUMEI SHANTOU GARMENTS CO., LTD",FINISHED GOODS,APPAREL,NIKE,EAGLE NICE,SHANTOU,GUANGDONG,515041,China,N ASIA,2415
"ZAO ZHUANG RUIXING SHOES CO., LTD",FINISHED GOODS - COMPONENTS,FOOTWEAR,NIKE,CHANGSHIN,ZAOZHUANG CITY,SHANDONG,250011,China,N ASIA,1617
"ZHANGJIAGANG NEW HUAYUAN ACCESSONES CO., LTD",FINISHED GOODS,APPAREL,NIKE,NO GROUP (AP),ZHANGJIAGANG,JIANGSU,215600,China,N ASIA,91
"ZHANGJIAJIE EXCELLENCE SPORT PRODUCTS CO., LTD.",FINISHED GOODS,EQUIPMENT,NIKE,ALPUS,ZHANGJIAJIE,HUNAN,427200,China,N ASIA,279
"ZHEJIANG CLIS FASHION CO., LTD.",FINISHED GOODS,APPAREL,NIKE,NO GROUP (AP),HANGZHOU,ZHEJIANG,310012,China,N ASIA,41
ZHEJIANG GUANGTAI DELTA SOCKS CO. LTD.,FINISHED GOODS,EQUIPMENT,NIKE,DELTA,"CAOTA TOWN, ZHUJI",ZHEJIANG,311812,China,N ASIA,302
"ZHEJIANG QIAOER TINGTING GARMENT CO., LTD",FINISHED GOODS,APPAREL,NIKE,DELTA,SHANGYU CITY,ZHEJIANG,312300,China,N ASIA,1195
ZHENJIANG TUNTEX GARMENT CO LTD.,FINISHED GOODS,APPAREL,NIKE,TUNTEX,ZHENJIANG,JIANGSU,212400,China,N ASIA,493
ZHONGSHAN CITY BANFU TOWN GANG YI KNITTING FACTORY,FINISHED GOODS,EQUIPMENT,Converse,ZHONGSHAN,ZHONG SHAN CITY,GUANGDONG,528459,China,N ASIA,118
"ZHONGSHAN ZHIJIE FOOTWEAR TECHNICAL SERVICE CO.,LTD",FINISHED GOODS,FOOTWEAR,Converse,HUALI,ZHONGSHAN,GUANGDONG,528451,China,N ASIA,494
"ZHUJI HENGTAI KNITTING & TEXTILE CO., LTD.",FINISHED GOODS,EQUIPMENT,NIKE,DELTA,ZHUJI,ZHEJIANG,311812,China,N ASIA,305
